week,ingredient,weather_condition,has_promotion,special_event,actual_demand,lag_1,lag_2,lag_4,rolling_4w,predicted_demand,stock_alert
2024-01-01,black tea,Sunny,True,False,649,8004.0,751.0,2948.0,2627.5,942.15173,Understock Risk
2024-01-08,black tea,Cloudy,False,False,2762,649.0,8004.0,1106.0,3041.5,2078.012,Overstock Risk
2024-01-08,black tea,Cloudy,False,True,808,2762.0,649.0,751.0,3055.75,1028.3561,Understock Risk
2024-01-08,black tea,Cloudy,True,True,1224,808.0,2762.0,8004.0,1360.75,874.2445,Overstock Risk
2024-01-08,black tea,Rainy,False,False,2074,1224.0,808.0,649.0,1717.0,2008.426,Normal
2024-01-08,black tea,Rainy,True,False,2082,2074.0,1224.0,2762.0,1547.0,1330.4756,Overstock Risk
2024-01-08,black tea,Sunny,False,False,6946,2082.0,2074.0,808.0,3081.5,7259.856,Normal
2024-01-08,black tea,Sunny,True,False,3197,6946.0,2082.0,1224.0,3574.75,3164.398,Normal
2024-01-15,black tea,Cloudy,False,False,5089,3197.0,6946.0,2074.0,4328.5,4903.3076,Normal
2024-01-15,black tea,Cloudy,False,True,633,5089.0,3197.0,2082.0,3966.25,1145.9636,Understock Risk
2024-01-15,black tea,Cloudy,True,False,3462,633.0,5089.0,6946.0,3095.25,2915.4277,Normal
2024-01-15,black tea,Cloudy,True,True,565,3462.0,633.0,3197.0,2437.25,1081.2053,Understock Risk
2024-01-15,black tea,Rainy,False,False,1657,565.0,3462.0,5089.0,1579.25,1003.5695,Overstock Risk
2024-01-15,black tea,Sunny,False,False,4474,1657.0,565.0,633.0,2539.5,5039.286,Normal
2024-01-15,black tea,Sunny,False,True,883,4474.0,1657.0,3462.0,1894.75,682.94727,Overstock Risk
2024-01-15,black tea,Sunny,True,False,2465,883.0,4474.0,565.0,2369.75,2109.581,Normal
2024-01-22,black tea,Cloudy,False,False,2682,2465.0,883.0,1657.0,2626.0,2429.6763,Normal
2024-01-22,black tea,Rainy,False,False,1315,2682.0,2465.0,4474.0,1836.25,1139.7479,Normal
2024-01-22,black tea,Rainy,True,False,496,1315.0,2682.0,883.0,1739.5,1184.2034,Understock Risk
2024-01-22,black tea,Sunny,False,False,5770,496.0,1315.0,2465.0,2565.75,6077.7197,Normal
2024-01-22,black tea,Sunny,False,True,677,5770.0,496.0,2682.0,2064.5,905.3154,Understock Risk
2024-01-29,black tea,Cloudy,False,False,3439,677.0,5770.0,1315.0,2595.5,2896.5754,Normal
2024-01-29,black tea,Cloudy,True,False,2246,3439.0,677.0,496.0,3033.0,2473.976,Normal
2024-01-29,black tea,Rainy,False,False,1297,2246.0,3439.0,5770.0,1914.75,1480.3358,Normal
2024-01-29,black tea,Sunny,False,False,7809,1297.0,2246.0,677.0,3697.75,7774.489,Normal
2024-01-29,black tea,Sunny,False,True,810,7809.0,1297.0,3439.0,3040.5,632.9067,Overstock Risk
2024-01-29,black tea,Sunny,True,False,3613,810.0,7809.0,2246.0,3382.25,3029.1567,Normal
2024-02-05,black tea,Cloudy,False,False,1754,3613.0,810.0,1297.0,3496.5,2537.0688,Understock Risk
2024-02-05,black tea,Rainy,False,False,1002,1754.0,3613.0,7809.0,1794.75,1062.7052,Normal
2024-02-05,black tea,Rainy,True,False,2529,1002.0,1754.0,810.0,2224.5,2228.8174,Normal
2024-02-05,black tea,Sunny,False,False,7402,2529.0,1002.0,3613.0,3171.75,6684.2734,Normal
2024-02-05,black tea,Sunny,True,False,1744,7402.0,2529.0,1754.0,3169.25,2071.9502,Normal
2024-02-05,black tea,Sunny,True,True,953,1744.0,7402.0,1002.0,3157.0,829.9104,Normal
2024-02-12,black tea,Cloudy,False,False,3820,953.0,1744.0,2529.0,3479.75,3499.9907,Normal
2024-02-12,black tea,Cloudy,True,False,700,3820.0,953.0,7402.0,1804.25,1158.7592,Understock Risk
2024-02-12,black tea,Rainy,False,False,1999,700.0,3820.0,1744.0,1868.0,1766.9636,Normal
2024-02-12,black tea,Rainy,True,False,698,1999.0,700.0,953.0,1804.25,1034.7496,Understock Risk
2024-02-12,black tea,Sunny,False,False,7711,698.0,1999.0,3820.0,2777.0,6638.0015,Normal
2024-02-12,black tea,Sunny,True,False,3468,7711.0,698.0,700.0,3469.0,2874.7122,Normal
2024-02-19,black tea,Cloudy,False,False,5319,3468.0,7711.0,1999.0,4299.0,4640.8916,Normal
2024-02-19,black tea,Cloudy,True,False,689,5319.0,3468.0,698.0,4296.75,1371.9597,Understock Risk
2024-02-19,black tea,Rainy,False,False,2734,689.0,5319.0,7711.0,3052.5,2828.7969,Normal
2024-02-19,black tea,Rainy,False,True,532,2734.0,689.0,3468.0,2318.5,757.47644,Understock Risk
2024-02-19,black tea,Sunny,False,False,4353,532.0,2734.0,5319.0,2077.0,4197.56,Normal
2024-02-19,black tea,Sunny,False,True,567,4353.0,532.0,689.0,2046.5,658.9379,Normal
2024-02-19,black tea,Sunny,True,False,2876,567.0,4353.0,2734.0,2082.0,1824.945,Overstock Risk
2024-02-26,black tea,Cloudy,False,False,4553,2876.0,567.0,532.0,3087.25,4681.466,Normal
2024-02-26,black tea,Cloudy,True,False,781,4553.0,2876.0,4353.0,2194.25,755.43933,Normal
2024-02-26,black tea,Rainy,False,False,1602,781.0,4553.0,567.0,2453.0,1825.7323,Normal
2024-02-26,black tea,Rainy,True,False,799,1602.0,781.0,2876.0,1933.75,1157.9712,Understock Risk
2024-02-26,black tea,Sunny,False,False,5841,799.0,1602.0,4553.0,2255.75,5395.6616,Normal
2024-02-26,black tea,Sunny,True,False,5089,5841.0,799.0,781.0,3332.75,4415.206,Normal
2024-03-04,black tea,Cloudy,False,False,4524,5089.0,5841.0,1602.0,4063.25,4744.221,Normal
2024-03-04,black tea,Cloudy,True,False,1455,4524.0,5089.0,799.0,4227.25,2383.2642,Understock Risk
2024-03-04,black tea,Rainy,False,False,3979,1455.0,4524.0,5841.0,3761.75,3267.3572,Normal
2024-03-04,black tea,Rainy,True,False,2890,3979.0,1455.0,5089.0,3212.0,2606.8342,Normal
2024-03-04,black tea,Sunny,False,False,5190,2890.0,3979.0,4524.0,3378.5,5106.277,Normal
2024-03-04,black tea,Sunny,False,True,1792,5190.0,2890.0,1455.0,3462.75,1322.8604,Overstock Risk
2024-03-04,black tea,Sunny,True,False,775,1792.0,5190.0,3979.0,2661.75,1661.9594,Understock Risk
2024-03-04,black tea,Sunny,True,True,1190,775.0,1792.0,2890.0,2236.75,1999.5021,Understock Risk
2024-03-11,black tea,Cloudy,False,False,2904,1190.0,775.0,5190.0,1665.25,2359.5193,Normal
2024-03-11,black tea,Cloudy,True,False,1824,2904.0,1190.0,1792.0,1673.25,1561.6444,Normal
2024-03-11,black tea,Rainy,False,False,1330,1824.0,2904.0,775.0,1812.0,1097.7852,Normal
2024-03-11,black tea,Rainy,True,False,860,1330.0,1824.0,1190.0,1729.5,1282.3519,Understock Risk
2024-03-11,black tea,Rainy,True,True,895,860.0,1330.0,2904.0,1227.25,890.7052,Normal
2024-03-11,black tea,Sunny,False,False,8127,895.0,860.0,1824.0,2803.0,7171.1055,Normal
2024-03-11,black tea,Sunny,True,False,2170,8127.0,895.0,1330.0,3013.0,1717.7062,Overstock Risk
2024-03-18,black tea,Cloudy,False,False,2568,2170.0,8127.0,860.0,3440.0,2026.7612,Overstock Risk
2024-03-18,black tea,Cloudy,True,False,1263,2568.0,2170.0,895.0,3532.0,1922.9578,Understock Risk
2024-03-18,black tea,Rainy,False,False,2161,1263.0,2568.0,8127.0,2040.5,2359.9465,Normal
2024-03-18,black tea,Rainy,False,True,287,2161.0,1263.0,2170.0,1569.75,645.7364,Understock Risk
2024-03-18,black tea,Sunny,False,False,4833,287.0,2161.0,2568.0,2136.0,4493.139,Normal
2024-03-18,black tea,Sunny,True,False,1924,4833.0,287.0,1263.0,2301.25,1600.9684,Normal
2024-03-25,black tea,Cloudy,False,False,3342,1924.0,4833.0,2161.0,2596.5,2893.1768,Normal
2024-03-25,black tea,Cloudy,True,False,1884,3342.0,1924.0,287.0,2995.75,1880.3861,Normal
2024-03-25,black tea,Rainy,False,False,2192,1884.0,3342.0,4833.0,2335.5,1801.9836,Normal
2024-03-25,black tea,Rainy,True,False,587,2192.0,1884.0,1924.0,2001.25,1041.6335,Understock Risk
2024-03-25,black tea,Sunny,False,False,4087,587.0,2192.0,3342.0,2187.5,4749.98,Normal
2024-03-25,black tea,Sunny,True,False,1832,4087.0,587.0,1884.0,2174.5,1731.0376,Normal
2024-04-01,black tea,Cloudy,False,False,3098,1832.0,4087.0,2192.0,2401.0,2712.9873,Normal
2024-04-01,black tea,Cloudy,True,False,859,3098.0,1832.0,587.0,2469.0,899.51886,Normal
2024-04-01,black tea,Rainy,False,False,1800,859.0,3098.0,4087.0,1897.25,1918.5068,Normal
2024-04-01,black tea,Rainy,True,False,2033,1800.0,859.0,1832.0,1947.5,1548.7654,Overstock Risk
2024-04-01,black tea,Sunny,False,False,4901,2033.0,1800.0,3098.0,2398.25,4604.279,Normal
2024-04-01,black tea,Sunny,True,False,7873,4901.0,2033.0,859.0,4151.75,5918.6226,Overstock Risk
2024-04-08,black tea,Cloudy,False,False,7594,7873.0,4901.0,1800.0,5600.25,5807.7354,Overstock Risk
2024-04-08,black tea,Cloudy,False,True,458,7594.0,7873.0,2033.0,5206.5,1270.7548,Understock Risk
2024-04-08,black tea,Cloudy,True,False,1306,458.0,7594.0,4901.0,4307.75,1864.2794,Understock Risk
2024-04-08,black tea,Rainy,False,False,1474,1306.0,458.0,7873.0,2708.0,2500.6885,Understock Risk
2024-04-08,black tea,Rainy,True,True,756,1474.0,1306.0,7594.0,998.5,650.1094,Normal
2024-04-08,black tea,Sunny,False,False,7020,756.0,1474.0,458.0,2639.0,5953.349,Normal
2024-04-08,black tea,Sunny,False,True,546,7020.0,756.0,1306.0,2449.0,557.7739,Normal
2024-04-08,black tea,Sunny,True,False,994,546.0,7020.0,1474.0,2329.0,1195.2986,Understock Risk
2024-04-15,black tea,Cloudy,False,False,3433,994.0,546.0,756.0,2998.25,3747.6821,Normal
2024-04-15,black tea,Cloudy,True,False,1923,3433.0,994.0,7020.0,1724.0,1323.3192,Overstock Risk
2024-04-15,black tea,Rainy,False,False,1296,1923.0,3433.0,546.0,1911.5,1409.7644,Normal
2024-04-15,black tea,Rainy,True,False,1684,1296.0,1923.0,994.0,2084.0,1659.7952,Normal
2024-04-15,black tea,Sunny,False,False,5125,1684.0,1296.0,3433.0,2507.0,5027.3633,Normal
2024-04-15,black tea,Sunny,False,True,718,5125.0,1684.0,1923.0,2205.75,572.10803,Overstock Risk
2024-04-15,black tea,Sunny,True,False,873,718.0,5125.0,1296.0,2100.0,1356.3912,Understock Risk
2024-04-22,black tea,Cloudy,False,False,3770,873.0,718.0,1684.0,2621.5,3376.0908,Normal
2024-04-22,black tea,Cloudy,True,False,1119,3770.0,873.0,5125.0,1620.0,975.14307,Normal
2024-04-22,black tea,Rainy,False,False,3064,1119.0,3770.0,718.0,2206.5,2142.0217,Overstock Risk
2024-04-22,black tea,Rainy,True,False,836,3064.0,1119.0,873.0,2197.25,1124.3866,Understock Risk
2024-04-22,black tea,Sunny,False,False,6766,836.0,3064.0,3770.0,2946.25,6327.1743,Normal
2024-04-22,black tea,Sunny,False,True,659,6766.0,836.0,1119.0,2831.25,678.6838,Normal
2024-04-22,black tea,Sunny,True,False,2279,659.0,6766.0,3064.0,2635.0,1687.5011,Overstock Risk
2024-04-29,black tea,Cloudy,False,False,3970,2279.0,659.0,836.0,3418.5,4029.6704,Normal
2024-04-29,black tea,Cloudy,True,False,552,3970.0,2279.0,6766.0,1865.0,1057.525,Understock Risk
2024-04-29,black tea,Rainy,False,False,2514,552.0,3970.0,659.0,2328.75,2006.3052,Overstock Risk
2024-04-29,black tea,Sunny,False,False,7956,2514.0,552.0,2279.0,3748.0,7634.2676,Normal
2024-04-29,black tea,Sunny,False,True,784,7956.0,2514.0,3970.0,2951.5,992.6567,Understock Risk
2024-04-29,black tea,Sunny,True,False,2564,784.0,7956.0,552.0,3454.5,3118.2737,Understock Risk
2024-05-06,black tea,Cloudy,False,False,2439,2564.0,784.0,2514.0,3435.75,3064.6543,Understock Risk
2024-05-06,black tea,Cloudy,False,True,769,2439.0,2564.0,7956.0,1639.0,749.2527,Normal
2024-05-06,black tea,Rainy,False,False,1021,769.0,2439.0,784.0,1698.25,1544.0896,Understock Risk
2024-05-06,black tea,Sunny,False,False,7587,1021.0,769.0,2564.0,2954.0,7018.7734,Normal
2024-05-13,black tea,Cloudy,False,False,3664,7587.0,1021.0,2439.0,3260.25,3541.331,Normal
2024-05-13,black tea,Cloudy,True,False,2127,3664.0,7587.0,769.0,3599.75,1731.8595,Normal
2024-05-13,black tea,Rainy,False,False,3130,2127.0,3664.0,1021.0,4127.0,3117.0317,Normal
2024-05-13,black tea,Rainy,False,True,639,3130.0,2127.0,7587.0,2390.0,854.6054,Understock Risk
2024-05-13,black tea,Rainy,True,False,1862,639.0,3130.0,3664.0,1939.5,1402.9048,Overstock Risk
2024-05-13,black tea,Sunny,False,False,8552,1862.0,639.0,2127.0,3545.75,7936.1763,Normal
2024-05-13,black tea,Sunny,True,False,953,8552.0,1862.0,3130.0,3001.5,1019.1566,Normal
2024-05-20,black tea,Cloudy,False,False,1474,953.0,8552.0,639.0,3210.25,1822.7457,Understock Risk
2024-05-20,black tea,Rainy,False,False,2151,1474.0,953.0,1862.0,3282.5,2341.9214,Normal
2024-05-20,black tea,Sunny,False,False,5377,2151.0,1474.0,8552.0,2488.75,4957.658,Normal
2024-05-20,black tea,Sunny,True,False,1186,5377.0,2151.0,953.0,2547.0,1088.0748,Normal
2024-05-27,black tea,Cloudy,False,False,2833,1186.0,5377.0,1474.0,2886.75,2904.0703,Normal
2024-05-27,black tea,Cloudy,True,False,621,2833.0,1186.0,2151.0,2504.25,1627.7269,Understock Risk
2024-05-27,black tea,Rainy,False,False,1180,621.0,2833.0,5377.0,1455.0,1168.6206,Normal
2024-05-27,black tea,Sunny,False,False,3600,1180.0,621.0,1186.0,2058.5,4040.0095,Normal
2024-05-27,black tea,Sunny,True,False,863,3600.0,1180.0,2833.0,1566.0,1291.4291,Understock Risk
2024-06-03,black tea,Cloudy,False,False,2332,863.0,3600.0,621.0,1993.75,2231.6597,Normal
2024-06-03,black tea,Cloudy,False,True,488,2332.0,863.0,1180.0,1820.75,515.6239,Normal
2024-06-03,black tea,Cloudy,True,False,1597,488.0,2332.0,3600.0,1320.0,1203.331,Overstock Risk
2024-06-03,black tea,Cloudy,True,True,800,1597.0,488.0,863.0,1304.25,793.5938,Normal
2024-06-03,black tea,Rainy,False,False,1039,800.0,1597.0,2332.0,981.0,901.742,Normal
2024-06-03,black tea,Rainy,True,False,954,1039.0,800.0,488.0,1097.5,863.92126,Normal
2024-06-03,black tea,Sunny,False,False,5868,954.0,1039.0,1597.0,2165.25,4388.573,Overstock Risk
2024-06-03,black tea,Sunny,False,True,642,5868.0,954.0,800.0,2125.75,479.88727,Overstock Risk
2024-06-03,black tea,Sunny,True,False,2094,642.0,5868.0,1039.0,2389.5,2290.5188,Normal
2024-06-10,black tea,Cloudy,False,False,1193,2094.0,642.0,954.0,2449.25,1824.2616,Understock Risk
2024-06-10,black tea,Cloudy,True,False,2772,1193.0,2094.0,5868.0,1675.25,2035.0206,Overstock Risk
2024-06-10,black tea,Rainy,False,False,762,2772.0,1193.0,642.0,1705.25,1181.1349,Understock Risk
2024-06-10,black tea,Sunny,False,False,7355,762.0,2772.0,2094.0,3020.5,6406.5503,Normal
2024-06-10,black tea,Sunny,True,False,400,7355.0,762.0,1193.0,2822.25,1251.2667,Understock Risk
2024-06-10,black tea,Sunny,True,True,1143,400.0,7355.0,2772.0,2415.0,731.7664,Overstock Risk
2024-06-17,black tea,Cloudy,False,False,1850,1143.0,400.0,762.0,2687.0,2983.4456,Understock Risk
2024-06-17,black tea,Rainy,False,False,2740,1850.0,1143.0,7355.0,1533.25,1685.4844,Overstock Risk
2024-06-17,black tea,Sunny,False,False,6124,2740.0,1850.0,400.0,2964.25,5776.1284,Normal
2024-06-17,black tea,Sunny,False,True,989,6124.0,2740.0,1143.0,2925.75,1008.8072,Normal
2024-06-17,black tea,Sunny,True,False,1135,989.0,6124.0,1850.0,2747.0,1790.1306,Understock Risk
2024-06-24,black tea,Cloudy,False,False,3941,1135.0,989.0,2740.0,3047.25,3686.0188,Normal
2024-06-24,black tea,Cloudy,True,False,934,3941.0,1135.0,6124.0,1749.75,1020.18195,Normal
2024-06-24,black tea,Rainy,False,False,1763,934.0,3941.0,989.0,1943.25,1775.908,Normal
2024-06-24,black tea,Rainy,True,False,601,1763.0,934.0,1135.0,1809.75,985.0961,Understock Risk
2024-06-24,black tea,Sunny,False,False,6532,601.0,1763.0,3941.0,2457.5,5907.201,Normal
2024-06-24,black tea,Sunny,True,False,1482,6532.0,601.0,934.0,2594.5,1448.0254,Normal
2024-07-01,black tea,Cloudy,False,False,2605,1482.0,6532.0,1763.0,2805.0,2434.764,Normal
2024-07-01,black tea,Cloudy,False,True,377,2605.0,1482.0,601.0,2749.0,814.1259,Understock Risk
2024-07-01,black tea,Cloudy,True,False,2023,377.0,2605.0,6532.0,1621.75,1677.458,Normal
2024-07-01,black tea,Rainy,False,False,2815,2023.0,377.0,1482.0,1955.0,1943.4746,Overstock Risk
2024-07-01,black tea,Rainy,False,True,631,2815.0,2023.0,2605.0,1461.5,491.15274,Overstock Risk
2024-07-01,black tea,Sunny,False,False,6384,631.0,2815.0,377.0,2963.25,6847.0176,Normal
2024-07-01,black tea,Sunny,True,False,3736,6384.0,631.0,2023.0,3391.5,4019.8574,Normal
2024-07-08,black tea,Cloudy,False,False,4591,3736.0,6384.0,2815.0,3835.5,4207.4497,Normal
2024-07-08,black tea,Cloudy,True,False,2585,4591.0,3736.0,631.0,4324.0,2197.7495,Normal
2024-07-08,black tea,Rainy,False,False,2819,2585.0,4591.0,6384.0,3432.75,2427.9768,Normal
2024-07-08,black tea,Rainy,True,False,525,2819.0,2585.0,3736.0,2630.0,1016.9066,Understock Risk
2024-07-08,black tea,Sunny,False,False,6500,525.0,2819.0,4591.0,3107.25,6736.8877,Normal
2024-07-08,black tea,Sunny,True,False,1165,6500.0,525.0,2585.0,2752.25,1977.6229,Understock Risk
2024-07-15,black tea,Cloudy,False,False,1685,1165.0,6500.0,2819.0,2468.75,1759.9697,Normal
2024-07-15,black tea,Cloudy,True,False,2208,1685.0,1165.0,525.0,2889.5,1730.4808,Overstock Risk
2024-07-15,black tea,Cloudy,True,True,931,2208.0,1685.0,6500.0,1497.25,822.527,Normal
2024-07-15,black tea,Rainy,False,False,2236,931.0,2208.0,1165.0,1765.0,1775.9047,Overstock Risk
2024-07-15,black tea,Rainy,False,True,246,2236.0,931.0,1685.0,1405.25,443.66974,Understock Risk
2024-07-15,black tea,Rainy,True,False,747,246.0,2236.0,2208.0,1040.0,904.1512,Understock Risk
2024-07-15,black tea,Sunny,False,False,4681,747.0,246.0,931.0,1977.5,4484.4043,Normal
2024-07-15,black tea,Sunny,False,True,939,4681.0,747.0,2236.0,1653.25,419.1948,Overstock Risk
2024-07-15,black tea,Sunny,True,False,1866,939.0,4681.0,246.0,2058.25,1682.3483,Normal
2024-07-22,black tea,Cloudy,False,False,4142,1866.0,939.0,747.0,2907.0,4099.1113,Normal
2024-07-22,black tea,Cloudy,True,False,1286,4142.0,1866.0,4681.0,2058.25,1013.42065,Overstock Risk
2024-07-22,black tea,Rainy,False,False,1351,1286.0,4142.0,939.0,2161.25,1747.4958,Understock Risk
2024-07-22,black tea,Rainy,True,False,1247,1351.0,1286.0,1866.0,2006.5,1418.6843,Normal
2024-07-22,black tea,Sunny,False,False,7651,1247.0,1351.0,4142.0,2883.75,6921.5195,Normal
2024-07-22,black tea,Sunny,False,True,2482,7651.0,1247.0,1286.0,3182.75,1245.3572,Overstock Risk
2024-07-22,black tea,Sunny,True,False,1605,2482.0,7651.0,1351.0,3246.25,2085.4768,Understock Risk
2024-07-29,black tea,Cloudy,False,False,1849,1605.0,2482.0,1247.0,3396.75,2933.2332,Understock Risk
2024-07-29,black tea,Cloudy,True,False,1245,1849.0,1605.0,7651.0,1795.25,1430.7266,Normal
2024-07-29,black tea,Rainy,False,False,4431,1245.0,1849.0,2482.0,2282.5,3024.1428,Overstock Risk
2024-07-29,black tea,Sunny,False,False,1984,4431.0,1245.0,1605.0,2377.25,2682.842,Understock Risk
2024-08-05,black tea,Cloudy,False,False,3300,1984.0,4431.0,1849.0,2740.0,3074.3037,Normal
2024-08-05,black tea,Cloudy,True,False,1526,3300.0,1984.0,1245.0,2810.25,1473.2667,Normal
2024-08-05,black tea,Rainy,False,False,1792,1526.0,3300.0,4431.0,2150.5,1650.922,Normal
2024-08-05,black tea,Rainy,False,True,1275,1792.0,1526.0,1984.0,1973.25,660.0158,Overstock Risk
2024-08-05,black tea,Rainy,True,False,452,1275.0,1792.0,3300.0,1261.25,836.89374,Understock Risk
2024-08-05,black tea,Sunny,False,False,6072,452.0,1275.0,1526.0,2397.75,5652.9824,Normal
2024-08-05,black tea,Sunny,True,False,2179,6072.0,452.0,1792.0,2494.5,1903.7369,Normal
2024-08-05,black tea,Sunny,True,True,1352,2179.0,6072.0,1275.0,2513.75,829.3957,Overstock Risk
2024-08-12,black tea,Cloudy,False,False,3818,1352.0,2179.0,452.0,3355.25,3635.3032,Normal
2024-08-12,black tea,Cloudy,True,False,1876,3818.0,1352.0,6072.0,2306.25,1754.8993,Normal
2024-08-12,black tea,Rainy,False,False,4539,1876.0,3818.0,2179.0,2896.25,3042.8694,Overstock Risk
2024-08-12,black tea,Sunny,False,False,6136,4539.0,1876.0,1352.0,4092.25,6167.2065,Normal
2024-08-12,black tea,Sunny,True,False,4142,6136.0,4539.0,3818.0,4173.25,3891.2368,Normal
2024-08-19,black tea,Cloudy,False,False,5684,4142.0,6136.0,1876.0,5125.25,5434.4966,Normal
2024-08-19,black tea,Cloudy,True,False,1505,5684.0,4142.0,4539.0,4366.75,2032.2635,Understock Risk
2024-08-19,black tea,Rainy,False,False,1494,1505.0,5684.0,6136.0,3206.25,2018.4025,Understock Risk
2024-08-19,black tea,Sunny,False,False,5225,1494.0,1505.0,4142.0,3477.0,6002.9453,Normal
2024-08-19,black tea,Sunny,True,False,2051,5225.0,1494.0,5684.0,2568.75,1961.8059,Normal
2024-08-26,black tea,Cloudy,False,False,3374,2051.0,5225.0,1505.0,3036.0,3064.2827,Normal
2024-08-26,black tea,Cloudy,True,False,655,3374.0,2051.0,1494.0,2826.25,1122.5713,Understock Risk
2024-08-26,black tea,Cloudy,True,True,1075,655.0,3374.0,5225.0,1788.75,887.24384,Normal
2024-08-26,black tea,Rainy,False,False,3813,1075.0,655.0,2051.0,2229.25,3025.0444,Overstock Risk
2024-08-26,black tea,Sunny,False,False,3811,3813.0,1075.0,3374.0,2338.5,3469.1694,Normal
2024-08-26,black tea,Sunny,False,True,2247,3811.0,3813.0,655.0,2736.5,1624.0856,Overstock Risk
2024-08-26,black tea,Sunny,True,False,2344,2247.0,3811.0,1075.0,3053.75,2547.8772,Normal
2024-08-26,black tea,Sunny,True,True,1382,2344.0,2247.0,3813.0,2446.0,1355.8933,Normal
2024-09-02,black tea,Cloudy,False,False,3815,1382.0,2344.0,3811.0,2447.0,2903.7346,Overstock Risk
2024-09-02,black tea,Cloudy,False,True,1417,3815.0,1382.0,2247.0,2239.5,1070.4469,Overstock Risk
2024-09-02,black tea,Cloudy,True,False,1063,1417.0,3815.0,2344.0,1919.25,1055.3341,Normal
2024-09-02,black tea,Rainy,False,False,2108,1063.0,1417.0,1382.0,2100.75,2435.8755,Normal
2024-09-02,black tea,Rainy,True,False,606,2108.0,1063.0,3815.0,1298.5,1037.5271,Understock Risk
2024-09-02,black tea,Sunny,False,False,9634,606.0,2108.0,1417.0,3352.75,8240.195,Normal
2024-09-02,black tea,Sunny,True,False,1632,9634.0,606.0,1063.0,3495.0,2162.3972,Understock Risk
2024-09-09,black tea,Cloudy,False,False,3130,1632.0,9634.0,2108.0,3750.5,3106.536,Normal
2024-09-09,black tea,Rainy,False,False,1580,3130.0,1632.0,606.0,3994.0,1982.7277,Understock Risk
2024-09-09,black tea,Rainy,False,True,875,1580.0,3130.0,9634.0,1804.25,674.12665,Overstock Risk
2024-09-09,black tea,Rainy,True,False,1409,875.0,1580.0,1632.0,1748.5,1593.2911,Normal
2024-09-09,black tea,Sunny,False,False,5768,1409.0,875.0,3130.0,2408.0,5295.362,Normal
2024-09-09,black tea,Sunny,True,False,1991,5768.0,1409.0,1580.0,2510.75,1592.9834,Normal
2024-09-16,black tea,Cloudy,False,False,3762,1991.0,5768.0,875.0,3232.5,3586.4094,Normal
2024-09-16,black tea,Cloudy,False,True,765,3762.0,1991.0,1409.0,3071.5,715.3919,Normal
2024-09-16,black tea,Cloudy,True,False,300,765.0,3762.0,5768.0,1704.5,877.8103,Understock Risk
2024-09-16,black tea,Rainy,False,False,2123,300.0,765.0,1991.0,1737.5,2006.9889,Normal
2024-09-16,black tea,Rainy,True,False,1878,2123.0,300.0,3762.0,1266.5,1154.5585,Overstock Risk
2024-09-16,black tea,Sunny,False,False,8728,1878.0,2123.0,765.0,3257.25,7824.5635,Normal
2024-09-16,black tea,Sunny,True,False,2183,8728.0,1878.0,300.0,3728.0,3048.565,Understock Risk
2024-09-23,black tea,Cloudy,False,False,1904,2183.0,8728.0,2123.0,3673.25,2406.7612,Understock Risk
2024-09-23,black tea,Cloudy,True,False,1025,1904.0,2183.0,1878.0,3460.0,1740.7592,Understock Risk
2024-09-23,black tea,Rainy,False,False,2301,1025.0,1904.0,8728.0,1853.25,2089.3704,Normal
2024-09-23,black tea,Rainy,True,False,922,2301.0,1025.0,2183.0,1538.0,1116.3649,Understock Risk
2024-09-23,black tea,Sunny,False,False,5568,922.0,2301.0,1904.0,2454.0,4936.5654,Normal
2024-09-23,black tea,Sunny,True,False,3406,5568.0,922.0,1025.0,3049.25,3009.5583,Normal
2024-09-30,black tea,Cloudy,False,False,4894,3406.0,5568.0,2301.0,3697.5,4239.4937,Normal
2024-09-30,black tea,Rainy,False,False,2145,4894.0,3406.0,922.0,4003.25,2608.4543,Understock Risk
2024-09-30,black tea,Sunny,False,False,4957,2145.0,4894.0,5568.0,3850.5,5707.4746,Normal
2024-09-30,black tea,Sunny,False,True,850,4957.0,2145.0,3406.0,3211.5,1486.158,Understock Risk
2024-09-30,black tea,Sunny,True,False,785,850.0,4957.0,4894.0,2184.25,1246.6478,Understock Risk
2024-10-07,black tea,Cloudy,False,False,3835,785.0,850.0,2145.0,2606.75,3242.9556,Normal
2024-10-07,black tea,Cloudy,True,False,429,3835.0,785.0,4957.0,1474.75,819.9899,Understock Risk
2024-10-07,black tea,Rainy,False,False,1050,429.0,3835.0,850.0,1524.75,1187.2402,Normal
2024-10-07,black tea,Rainy,True,False,2142,1050.0,429.0,785.0,1864.0,1577.7139,Overstock Risk
2024-10-07,black tea,Sunny,False,False,4077,2142.0,1050.0,3835.0,1924.5,3581.263,Normal
2024-10-07,black tea,Sunny,False,True,631,4077.0,2142.0,429.0,1975.0,639.08374,Normal
2024-10-07,black tea,Sunny,True,False,1876,631.0,4077.0,1050.0,2181.5,1751.3518,Normal
2024-10-14,black tea,Cloudy,False,False,5999,1876.0,631.0,2142.0,3145.75,5181.983,Normal
2024-10-14,black tea,Cloudy,False,True,433,5999.0,1876.0,4077.0,2234.75,599.4763,Understock Risk
2024-10-14,black tea,Cloudy,True,False,971,433.0,5999.0,631.0,2319.75,1000.3794,Normal
2024-10-14,black tea,Rainy,False,False,2687,971.0,433.0,1876.0,2522.5,2560.5686,Normal
2024-10-14,black tea,Rainy,True,False,1333,2687.0,971.0,5999.0,1356.0,996.1595,Overstock Risk
2024-10-14,black tea,Sunny,False,False,8752,1333.0,2687.0,433.0,3435.75,7718.848,Normal
2024-10-14,black tea,Sunny,False,True,1228,8752.0,1333.0,971.0,3500.0,1168.2856,Normal
2024-10-14,black tea,Sunny,True,False,571,1228.0,8752.0,2687.0,2971.0,895.71704,Understock Risk
2024-10-21,black tea,Cloudy,False,False,1885,571.0,1228.0,1333.0,3109.0,4044.587,Understock Risk
2024-10-21,black tea,Cloudy,False,True,336,1885.0,571.0,8752.0,1005.0,715.12646,Understock Risk
2024-10-21,black tea,Cloudy,True,False,752,336.0,1885.0,1228.0,886.0,691.26276,Normal
2024-10-21,black tea,Rainy,False,False,687,752.0,336.0,571.0,915.0,869.03973,Understock Risk
2024-10-21,black tea,Rainy,True,False,1910,687.0,752.0,1885.0,921.25,1045.203,Overstock Risk
2024-10-21,black tea,Sunny,False,False,8744,1910.0,687.0,336.0,3023.25,7693.605,Normal
2024-10-21,black tea,Sunny,False,True,1089,8744.0,1910.0,752.0,3107.5,1259.567,Normal
2024-10-21,black tea,Sunny,True,False,4906,1089.0,8744.0,687.0,4162.25,4425.173,Normal
2024-10-28,black tea,Cloudy,False,False,2607,4906.0,1089.0,1910.0,4336.5,4822.917,Understock Risk
2024-10-28,black tea,Cloudy,False,True,502,2607.0,4906.0,8744.0,2276.0,513.90424,Normal
2024-10-28,black tea,Cloudy,True,False,892,502.0,2607.0,1089.0,2226.75,1903.147,Understock Risk
2024-10-28,black tea,Rainy,False,False,3785,892.0,502.0,4906.0,1946.5,2481.9106,Overstock Risk
2024-10-28,black tea,Sunny,False,False,6249,3785.0,892.0,2607.0,2857.0,5099.205,Normal
2024-10-28,black tea,Sunny,True,False,2050,6249.0,3785.0,502.0,3244.0,2664.0974,Understock Risk
2024-11-04,black tea,Cloudy,False,False,3913,2050.0,6249.0,892.0,3999.25,4050.1338,Normal
2024-11-04,black tea,Cloudy,False,True,542,3913.0,2050.0,3785.0,3188.5,1129.1418,Understock Risk
2024-11-04,black tea,Cloudy,True,False,1617,542.0,3913.0,6249.0,2030.5,1479.3568,Normal
2024-11-04,black tea,Rainy,False,False,1313,1617.0,542.0,2050.0,1846.25,1406.2058,Normal
2024-11-04,black tea,Rainy,False,True,391,1313.0,1617.0,3913.0,965.75,500.74316,Understock Risk
2024-11-04,black tea,Rainy,True,False,816,391.0,1313.0,542.0,1034.25,736.6329,Normal
2024-11-04,black tea,Sunny,False,False,8298,816.0,391.0,1617.0,2704.5,6012.1353,Overstock Risk
2024-11-04,black tea,Sunny,False,True,182,8298.0,816.0,1313.0,2421.75,808.2026,Understock Risk
2024-11-04,black tea,Sunny,True,False,1197,182.0,8298.0,391.0,2623.25,1726.4656,Understock Risk
2024-11-11,black tea,Cloudy,False,False,3689,1197.0,182.0,816.0,3341.5,4196.6543,Normal
2024-11-11,black tea,Cloudy,True,False,1461,3689.0,1197.0,8298.0,1632.25,1127.2958,Overstock Risk
2024-11-11,black tea,Rainy,False,False,1170,1461.0,3689.0,182.0,1879.25,1429.9423,Understock Risk
2024-11-11,black tea,Sunny,False,False,9535,1170.0,1461.0,1197.0,3963.75,7996.9453,Normal
2024-11-11,black tea,Sunny,False,True,1335,9535.0,1170.0,3689.0,3375.25,1496.5334,Normal
2024-11-11,black tea,Sunny,True,False,1910,1335.0,9535.0,1461.0,3487.5,2675.8718,Understock Risk
2024-11-18,black tea,Cloudy,False,False,547,1910.0,1335.0,1170.0,3331.75,3967.2073,Understock Risk
2024-11-18,black tea,Cloudy,False,True,379,547.0,1910.0,9535.0,1042.75,817.6364,Understock Risk
2024-11-18,black tea,Rainy,False,False,2792,379.0,547.0,1335.0,1407.0,1631.0237,Overstock Risk
2024-11-18,black tea,Sunny,False,False,8097,2792.0,379.0,1910.0,2953.75,6056.814,Overstock Risk
2024-11-18,black tea,Sunny,True,False,2770,8097.0,2792.0,547.0,3509.5,2703.6948,Normal
2024-11-25,black tea,Cloudy,False,False,1672,2770.0,8097.0,379.0,3832.75,2990.5312,Understock Risk
2024-11-25,black tea,Cloudy,True,False,1135,1672.0,2770.0,2792.0,3418.5,1808.9475,Understock Risk
2024-11-25,black tea,Rainy,False,False,1959,1135.0,1672.0,8097.0,1884.0,2216.45,Normal
2024-11-25,black tea,Rainy,True,False,1045,1959.0,1135.0,2770.0,1452.75,1150.9062,Normal
2024-11-25,black tea,Sunny,False,False,6905,1045.0,1959.0,1672.0,2761.0,6106.8096,Normal
2024-11-25,black tea,Sunny,True,False,2065,6905.0,1045.0,1135.0,2993.5,1630.5334,Overstock Risk
2024-12-02,black tea,Cloudy,False,False,3910,2065.0,6905.0,1959.0,3481.25,2458.1047,Overstock Risk
2024-12-02,black tea,Cloudy,True,False,1066,3910.0,2065.0,1045.0,3486.5,1765.2465,Understock Risk
2024-12-02,black tea,Rainy,False,False,3905,1066.0,3910.0,6905.0,2736.5,2489.0876,Overstock Risk
2024-12-02,black tea,Sunny,False,False,6565,3905.0,1066.0,2065.0,3861.5,6664.5654,Normal
2024-12-02,black tea,Sunny,False,True,1220,6565.0,3905.0,3910.0,3189.0,701.43036,Overstock Risk
2024-12-02,black tea,Sunny,True,False,1533,1220.0,6565.0,1066.0,3305.75,3229.504,Understock Risk
2024-12-09,black tea,Cloudy,False,False,3523,1533.0,1220.0,3905.0,3210.25,3697.3984,Normal
2024-12-09,black tea,Cloudy,False,True,721,3523.0,1533.0,6565.0,1749.25,577.1165,Normal
2024-12-09,black tea,Cloudy,True,False,1648,721.0,3523.0,1220.0,1856.25,1249.8971,Overstock Risk
2024-12-09,black tea,Rainy,False,False,1760,1648.0,721.0,1533.0,1913.0,1627.0549,Normal
2024-12-09,black tea,Sunny,False,False,10165,1760.0,1648.0,3523.0,3573.5,7083.0522,Overstock Risk
2024-12-09,black tea,Sunny,True,False,2498,10165.0,1760.0,721.0,4017.75,3359.3796,Understock Risk
2024-12-16,black tea,Cloudy,False,False,2945,2498.0,10165.0,1648.0,4342.0,4515.9995,Understock Risk
2024-12-16,black tea,Cloudy,True,False,1273,2945.0,2498.0,1760.0,4220.25,3699.4011,Understock Risk
2024-12-16,black tea,Rainy,False,False,1463,1273.0,2945.0,10165.0,2044.75,2382.0981,Understock Risk
2024-12-16,black tea,Sunny,False,False,4757,1463.0,1273.0,2498.0,2609.5,5474.9194,Normal
2024-12-16,black tea,Sunny,False,True,1070,4757.0,1463.0,2945.0,2140.75,1002.84454,Normal
2024-12-16,black tea,Sunny,True,False,809,1070.0,4757.0,1273.0,2024.75,1371.9778,Understock Risk
2024-12-23,black tea,Cloudy,False,False,6365,809.0,1070.0,1463.0,3250.25,4113.1,Overstock Risk
2024-12-23,black tea,Cloudy,True,False,1361,6365.0,809.0,4757.0,2401.25,1039.6459,Overstock Risk
2024-12-23,black tea,Rainy,False,False,3080,1361.0,6365.0,1070.0,2903.75,1788.0322,Overstock Risk
2024-12-23,black tea,Sunny,False,False,9187,3080.0,1361.0,809.0,4998.25,7864.716,Normal
2024-12-23,black tea,Sunny,False,True,1026,9187.0,3080.0,6365.0,3663.5,1233.8368,Understock Risk
2024-12-23,black tea,Sunny,True,False,1878,1026.0,9187.0,1361.0,3792.75,4030.0054,Understock Risk
2024-12-30,black tea,Cloudy,False,False,2368,1878.0,1026.0,3080.0,3614.75,4151.9517,Understock Risk
2024-12-30,black tea,Rainy,False,False,883,2368.0,1878.0,9187.0,1538.75,1387.6736,Understock Risk
2024-12-30,black tea,Sunny,False,False,3600,883.0,2368.0,1026.0,2182.25,4205.6226,Normal
2024-01-01,butter,Sunny,False,False,3512,762.0,2233.0,1085.0,1808.25,3295.6333,Normal
2024-01-01,butter,Sunny,False,True,431,3512.0,762.0,726.0,1734.5,401.63174,Normal
2024-01-01,butter,Sunny,True,False,1418,431.0,3512.0,2233.0,1530.75,1212.8397,Normal
2024-01-08,butter,Cloudy,False,False,682,1418.0,431.0,762.0,1510.75,1260.895,Understock Risk
2024-01-08,butter,Cloudy,False,True,740,682.0,1418.0,3512.0,817.75,690.23785,Normal
2024-01-08,butter,Cloudy,True,False,667,740.0,682.0,431.0,876.75,699.54,Normal
2024-01-08,butter,Rainy,False,False,1519,667.0,740.0,1418.0,902.0,1260.069,Normal
2024-01-08,butter,Sunny,False,False,3348,1519.0,667.0,682.0,1568.5,2814.0083,Normal
2024-01-08,butter,Sunny,True,False,1071,3348.0,1519.0,740.0,1651.25,1297.1317,Understock Risk
2024-01-15,butter,Cloudy,False,False,2646,1071.0,3348.0,667.0,2146.0,2471.996,Normal
2024-01-15,butter,Cloudy,True,False,1435,2646.0,1071.0,1519.0,2125.0,1289.4236,Normal
2024-01-15,butter,Rainy,False,False,632,1435.0,2646.0,3348.0,1446.0,809.1399,Understock Risk
2024-01-15,butter,Rainy,True,False,908,632.0,1435.0,1071.0,1405.25,1163.4753,Understock Risk
2024-01-15,butter,Sunny,False,False,2838,908.0,632.0,2646.0,1453.25,2899.339,Normal
2024-01-15,butter,Sunny,True,False,1068,2838.0,908.0,1435.0,1361.5,1192.5928,Normal
2024-01-22,butter,Cloudy,False,False,1948,1068.0,2838.0,632.0,1690.5,1961.8925,Normal
2024-01-22,butter,Rainy,False,False,1860,1948.0,1068.0,908.0,1928.5,1705.1279,Normal
2024-01-22,butter,Sunny,False,False,4164,1860.0,1948.0,2838.0,2260.0,4297.2974,Normal
2024-01-22,butter,Sunny,True,False,1634,4164.0,1860.0,1068.0,2401.5,1533.16,Normal
2024-01-22,butter,Sunny,True,True,716,1634.0,4164.0,1948.0,2093.5,575.80023,Normal
2024-01-29,butter,Cloudy,False,False,822,716.0,1634.0,1860.0,1834.0,1529.0852,Understock Risk
2024-01-29,butter,Rainy,False,False,1804,822.0,716.0,4164.0,1244.0,1451.7892,Normal
2024-01-29,butter,Rainy,True,False,806,1804.0,822.0,1634.0,1037.0,723.1095,Normal
2024-01-29,butter,Sunny,False,False,2872,806.0,1804.0,716.0,1576.0,2962.0432,Normal
2024-01-29,butter,Sunny,False,True,1017,2872.0,806.0,822.0,1624.75,1003.1242,Normal
2024-01-29,butter,Sunny,True,False,874,1017.0,2872.0,1804.0,1392.25,939.44165,Normal
2024-02-05,butter,Cloudy,False,False,2962,874.0,1017.0,806.0,1931.25,2723.3762,Normal
2024-02-05,butter,Cloudy,True,False,686,2962.0,874.0,2872.0,1384.75,963.42053,Understock Risk
2024-02-05,butter,Rainy,False,False,2499,686.0,2962.0,1017.0,1755.25,1944.0388,Overstock Risk
2024-02-05,butter,Rainy,False,True,832,2499.0,686.0,874.0,1744.75,622.1178,Overstock Risk
2024-02-05,butter,Sunny,False,False,1449,832.0,2499.0,2962.0,1366.5,1733.6161,Normal
2024-02-05,butter,Sunny,True,False,1270,1449.0,832.0,686.0,1512.5,1537.8372,Understock Risk
2024-02-12,butter,Cloudy,False,False,5393,1270.0,1449.0,2499.0,2236.0,4655.5327,Normal
2024-02-12,butter,Cloudy,True,False,612,5393.0,1270.0,832.0,2181.0,686.1305,Normal
2024-02-12,butter,Rainy,False,False,2100,612.0,5393.0,1449.0,2343.75,2025.0052,Normal
2024-02-12,butter,Sunny,False,False,4015,2100.0,612.0,1270.0,3030.0,4670.205,Normal
2024-02-12,butter,Sunny,False,True,491,4015.0,2100.0,5393.0,1804.5,365.19348,Overstock Risk
2024-02-12,butter,Sunny,True,False,2840,491.0,4015.0,612.0,2361.5,2550.3157,Normal
2024-02-19,butter,Cloudy,False,False,4687,2840.0,491.0,2100.0,3008.25,4297.733,Normal
2024-02-19,butter,Cloudy,True,False,633,4687.0,2840.0,4015.0,2162.75,706.9255,Normal
2024-02-19,butter,Rainy,False,False,2765,633.0,4687.0,491.0,2731.25,2623.7349,Normal
2024-02-19,butter,Rainy,True,False,1832,2765.0,633.0,2840.0,2479.25,1778.9811,Normal
2024-02-19,butter,Sunny,False,False,4414,1832.0,2765.0,4687.0,2411.0,4439.2856,Normal
2024-02-19,butter,Sunny,True,False,603,4414.0,1832.0,633.0,2403.5,1044.851,Understock Risk
2024-02-26,butter,Cloudy,False,False,1351,603.0,4414.0,2765.0,2050.0,1705.8236,Understock Risk
2024-02-26,butter,Cloudy,False,True,255,1351.0,603.0,1832.0,1655.75,610.86426,Understock Risk
2024-02-26,butter,Cloudy,True,False,721,255.0,1351.0,4414.0,732.5,702.24176,Normal
2024-02-26,butter,Rainy,False,False,1056,721.0,255.0,603.0,845.75,1041.023,Normal
2024-02-26,butter,Rainy,True,False,760,1056.0,721.0,1351.0,698.0,672.95276,Normal
2024-02-26,butter,Sunny,False,False,4852,760.0,1056.0,255.0,1847.25,4508.641,Normal
2024-02-26,butter,Sunny,False,True,429,4852.0,760.0,721.0,1774.25,364.1972,Normal
2024-02-26,butter,Sunny,True,False,1481,429.0,4852.0,1056.0,1880.5,1505.3284,Normal
2024-02-26,butter,Sunny,True,True,852,1481.0,429.0,760.0,1903.5,911.59064,Normal
2024-03-04,butter,Cloudy,False,False,1912,852.0,1481.0,4852.0,1168.5,1703.4443,Normal
2024-03-04,butter,Cloudy,True,False,2497,1912.0,852.0,429.0,1685.5,2013.9131,Normal
2024-03-04,butter,Rainy,False,False,1248,2497.0,1912.0,1481.0,1627.25,1173.9343,Normal
2024-03-04,butter,Rainy,True,False,1763,1248.0,2497.0,852.0,1855.0,1600.054,Normal
2024-03-04,butter,Sunny,False,False,1541,1763.0,1248.0,1912.0,1762.25,2142.556,Understock Risk
2024-03-04,butter,Sunny,True,False,2189,1541.0,1763.0,2497.0,1685.25,2068.1152,Normal
2024-03-11,butter,Cloudy,False,False,3033,2189.0,1541.0,1248.0,2131.5,2315.422,Overstock Risk
2024-03-11,butter,Cloudy,True,False,933,3033.0,2189.0,1763.0,1924.0,1018.6845,Normal
2024-03-11,butter,Rainy,False,False,916,933.0,3033.0,1541.0,1767.75,1381.0797,Understock Risk
2024-03-11,butter,Sunny,False,False,3865,916.0,933.0,2189.0,2186.75,4486.1255,Normal
2024-03-11,butter,Sunny,True,False,2547,3865.0,916.0,3033.0,2065.25,2103.8083,Normal
2024-03-18,butter,Cloudy,False,False,1737,2547.0,3865.0,933.0,2266.25,1918.292,Normal
2024-03-18,butter,Cloudy,False,True,607,1737.0,2547.0,916.0,2189.0,733.6932,Understock Risk
2024-03-18,butter,Cloudy,True,False,595,607.0,1737.0,3865.0,1371.5,1116.2211,Understock Risk
2024-03-18,butter,Rainy,False,False,694,595.0,607.0,2547.0,908.25,1028.1849,Understock Risk
2024-03-18,butter,Rainy,False,True,959,694.0,595.0,1737.0,713.75,725.10297,Overstock Risk
2024-03-18,butter,Rainy,True,False,721,959.0,694.0,607.0,742.25,628.8411,Normal
2024-03-18,butter,Sunny,False,False,3085,721.0,959.0,595.0,1364.75,2716.4927,Normal
2024-03-18,butter,Sunny,True,False,902,3085.0,721.0,694.0,1416.75,1096.7441,Understock Risk
2024-03-25,butter,Cloudy,False,False,2748,902.0,3085.0,959.0,1864.0,2498.7717,Normal
2024-03-25,butter,Cloudy,True,False,784,2748.0,902.0,721.0,1879.75,939.7648,Normal
2024-03-25,butter,Rainy,False,False,523,784.0,2748.0,3085.0,1239.25,536.5504,Normal
2024-03-25,butter,Rainy,True,False,933,523.0,784.0,902.0,1247.0,1131.3767,Understock Risk
2024-03-25,butter,Sunny,False,False,4557,933.0,523.0,2748.0,1699.25,3846.7085,Normal
2024-03-25,butter,Sunny,False,True,656,4557.0,933.0,784.0,1667.25,514.2811,Overstock Risk
2024-03-25,butter,Sunny,True,False,1263,656.0,4557.0,523.0,1852.25,1422.9484,Normal
2024-04-01,butter,Cloudy,False,False,1741,1263.0,656.0,933.0,2054.25,2254.4937,Understock Risk
2024-04-01,butter,Rainy,False,False,364,1741.0,1263.0,4557.0,1006.0,745.5518,Understock Risk
2024-04-01,butter,Sunny,False,False,5646,364.0,1741.0,656.0,2253.5,5654.619,Normal
2024-04-08,butter,Cloudy,False,False,2007,5646.0,364.0,1263.0,2439.5,2061.6492,Normal
2024-04-08,butter,Cloudy,True,False,742,2007.0,5646.0,1741.0,2189.75,772.6748,Normal
2024-04-08,butter,Rainy,False,False,703,742.0,2007.0,364.0,2274.5,1195.0808,Understock Risk
2024-04-08,butter,Sunny,False,False,2096,703.0,742.0,5646.0,1387.0,2349.9707,Normal
2024-04-08,butter,Sunny,False,True,230,2096.0,703.0,2007.0,942.75,273.3777,Normal
2024-04-08,butter,Sunny,True,False,1641,230.0,2096.0,742.0,1167.5,1547.5319,Normal
2024-04-15,butter,Cloudy,False,False,2958,1641.0,230.0,703.0,1731.25,2555.1865,Normal
2024-04-15,butter,Cloudy,True,False,2083,2958.0,1641.0,2096.0,1728.0,1551.6572,Overstock Risk
2024-04-15,butter,Rainy,False,False,506,2083.0,2958.0,230.0,1797.0,736.1378,Understock Risk
2024-04-15,butter,Sunny,False,False,5760,506.0,2083.0,1641.0,2826.75,6160.377,Normal
2024-04-15,butter,Sunny,False,True,884,5760.0,506.0,2958.0,2308.25,915.60834,Normal
2024-04-15,butter,Sunny,True,False,1619,884.0,5760.0,2083.0,2192.25,1597.0348,Normal
2024-04-22,butter,Cloudy,False,False,1692,1619.0,884.0,506.0,2488.75,1966.296,Normal
2024-04-22,butter,Rainy,False,False,1304,1692.0,1619.0,5760.0,1374.75,1223.5092,Normal
2024-04-22,butter,Rainy,True,False,694,1304.0,1692.0,884.0,1327.25,842.4739,Understock Risk
2024-04-22,butter,Sunny,False,False,2681,694.0,1304.0,1619.0,1592.75,3018.891,Normal
2024-04-22,butter,Sunny,False,True,869,2681.0,694.0,1692.0,1387.0,694.5939,Overstock Risk
2024-04-22,butter,Sunny,True,False,621,869.0,2681.0,1304.0,1216.25,770.2175,Understock Risk
2024-04-29,butter,Cloudy,False,False,1743,621.0,869.0,694.0,1478.5,1680.8503,Normal
2024-04-29,butter,Cloudy,True,False,2271,1743.0,621.0,2681.0,1376.0,1583.1626,Overstock Risk
2024-04-29,butter,Rainy,False,False,3465,2271.0,1743.0,869.0,2025.0,2470.5947,Overstock Risk
2024-04-29,butter,Rainy,True,False,1470,3465.0,2271.0,621.0,2237.25,1147.9772,Overstock Risk
2024-04-29,butter,Sunny,False,False,1501,1470.0,3465.0,1743.0,2176.75,2207.9392,Understock Risk
2024-04-29,butter,Sunny,True,False,504,1501.0,1470.0,2271.0,1735.0,1253.8604,Understock Risk
2024-05-06,butter,Cloudy,False,False,3305,504.0,1501.0,3465.0,1695.0,2785.637,Normal
2024-05-06,butter,Cloudy,True,False,709,3305.0,504.0,1470.0,1504.75,859.58954,Understock Risk
2024-05-06,butter,Rainy,False,False,901,709.0,3305.0,1501.0,1354.75,1018.2879,Normal
2024-05-06,butter,Sunny,False,False,5268,901.0,709.0,504.0,2545.75,5511.6465,Normal
2024-05-13,butter,Cloudy,False,False,2017,5268.0,901.0,3305.0,2223.75,2095.1426,Normal
2024-05-13,butter,Cloudy,True,False,925,2017.0,5268.0,709.0,2277.75,1034.3324,Normal
2024-05-13,butter,Rainy,False,False,2093,925.0,2017.0,901.0,2575.75,2103.0696,Normal
2024-05-13,butter,Sunny,False,False,1749,2093.0,925.0,5268.0,1696.0,2212.6177,Understock Risk
2024-05-13,butter,Sunny,True,False,1296,1749.0,2093.0,2017.0,1515.75,1289.97,Normal
2024-05-20,butter,Cloudy,False,False,2590,1296.0,1749.0,925.0,1932.0,2622.5198,Normal
2024-05-20,butter,Rainy,False,False,2461,2590.0,1296.0,2093.0,2024.0,2051.6995,Normal
2024-05-20,butter,Sunny,False,False,3017,2461.0,2590.0,1749.0,2341.0,3276.4355,Normal
2024-05-27,butter,Cloudy,False,False,4294,3017.0,2461.0,1296.0,3090.5,3964.0432,Normal
2024-05-27,butter,Cloudy,True,False,784,4294.0,3017.0,2590.0,2639.0,1015.7094,Understock Risk
2024-05-27,butter,Rainy,False,False,1188,784.0,4294.0,2461.0,2320.75,1441.463,Understock Risk
2024-05-27,butter,Rainy,False,True,546,1188.0,784.0,3017.0,1703.0,881.0344,Understock Risk
2024-05-27,butter,Sunny,False,False,1013,546.0,1188.0,4294.0,882.75,1219.7817,Understock Risk
2024-05-27,butter,Sunny,True,False,1099,1013.0,546.0,784.0,961.5,1131.7336,Normal
2024-06-03,butter,Cloudy,False,False,1900,1099.0,1013.0,1188.0,1139.5,1456.536,Overstock Risk
2024-06-03,butter,Cloudy,False,True,557,1900.0,1099.0,546.0,1142.25,414.32544,Overstock Risk
2024-06-03,butter,Cloudy,True,False,1651,557.0,1900.0,1013.0,1301.75,1253.8157,Overstock Risk
2024-06-03,butter,Rainy,False,False,1636,1651.0,557.0,1099.0,1436.0,1282.3595,Overstock Risk
2024-06-03,butter,Rainy,True,False,493,1636.0,1651.0,1900.0,1084.25,445.84528,Normal
2024-06-03,butter,Sunny,False,False,4350,493.0,1636.0,557.0,2032.5,4464.813,Normal
2024-06-03,butter,Sunny,True,False,2431,4350.0,493.0,1651.0,2227.5,2302.9,Normal
2024-06-10,butter,Cloudy,False,False,2941,2431.0,4350.0,1636.0,2553.75,2689.8145,Normal
2024-06-10,butter,Cloudy,False,True,558,2941.0,2431.0,493.0,2570.0,673.1669,Understock Risk
2024-06-10,butter,Rainy,False,False,922,558.0,2941.0,4350.0,1713.0,1351.0471,Understock Risk
2024-06-10,butter,Sunny,False,False,4579,922.0,558.0,2431.0,2250.0,5040.2896,Normal
2024-06-10,butter,Sunny,True,False,2193,4579.0,922.0,2941.0,2063.0,1942.7556,Normal
2024-06-17,butter,Cloudy,False,False,1850,2193.0,4579.0,558.0,2386.0,2057.9243,Normal
2024-06-17,butter,Cloudy,True,False,619,1850.0,2193.0,922.0,2310.25,962.6182,Understock Risk
2024-06-17,butter,Rainy,False,False,1934,619.0,1850.0,4579.0,1649.0,1833.9437,Normal
2024-06-17,butter,Rainy,True,False,576,1934.0,619.0,2193.0,1244.75,971.18396,Understock Risk
2024-06-17,butter,Sunny,False,False,2555,576.0,1934.0,1850.0,1421.0,2485.0598,Normal
2024-06-24,butter,Cloudy,False,False,2043,2555.0,576.0,619.0,1777.0,1755.4525,Normal
2024-06-24,butter,Cloudy,True,False,677,2043.0,2555.0,1934.0,1462.75,766.50354,Normal
2024-06-24,butter,Rainy,False,False,1339,677.0,2043.0,576.0,1653.5,1761.2642,Understock Risk
2024-06-24,butter,Rainy,False,True,972,1339.0,677.0,2555.0,1257.75,875.4117,Normal
2024-06-24,butter,Rainy,True,False,817,972.0,1339.0,2043.0,951.25,632.0942,Overstock Risk
2024-06-24,butter,Sunny,False,False,1330,817.0,972.0,677.0,1114.5,1904.8452,Understock Risk
2024-06-24,butter,Sunny,True,False,3118,1330.0,817.0,1339.0,1559.25,2424.2393,Overstock Risk
2024-07-01,butter,Cloudy,False,False,1771,3118.0,1330.0,972.0,1759.0,1607.6035,Normal
2024-07-01,butter,Rainy,False,False,1028,1771.0,3118.0,817.0,1811.75,1170.8647,Normal
2024-07-01,butter,Rainy,True,False,1010,1028.0,1771.0,1330.0,1731.75,1297.9989,Understock Risk
2024-07-01,butter,Sunny,False,False,3893,1010.0,1028.0,3118.0,1925.5,4154.4795,Normal
2024-07-01,butter,Sunny,False,True,393,3893.0,1010.0,1771.0,1581.0,434.0277,Normal
2024-07-01,butter,Sunny,True,False,1867,393.0,3893.0,1028.0,1790.75,1666.1976,Normal
2024-07-08,butter,Cloudy,False,False,2288,1867.0,393.0,1010.0,2110.25,2326.2969,Normal
2024-07-08,butter,Cloudy,True,False,1416,2288.0,1867.0,3893.0,1491.0,1064.0391,Overstock Risk
2024-07-08,butter,Rainy,False,False,1720,1416.0,2288.0,393.0,1822.75,1557.0348,Normal
2024-07-08,butter,Rainy,True,True,603,1720.0,1416.0,1867.0,1506.75,589.80023,Normal
2024-07-08,butter,Sunny,False,False,2362,603.0,1720.0,2288.0,1525.25,2757.901,Normal
2024-07-08,butter,Sunny,True,False,1900,2362.0,603.0,1416.0,1646.25,1598.9956,Normal
2024-07-15,butter,Cloudy,False,False,1398,1900.0,2362.0,1720.0,1565.75,1548.9686,Normal
2024-07-15,butter,Rainy,False,False,151,1398.0,1900.0,603.0,1452.75,734.445,Understock Risk
2024-07-15,butter,Rainy,True,False,1265,151.0,1398.0,2362.0,1178.5,1230.4578,Normal
2024-07-15,butter,Sunny,False,False,2709,1265.0,151.0,1900.0,1380.75,2726.9329,Normal
2024-07-15,butter,Sunny,True,False,1533,2709.0,1265.0,1398.0,1414.5,1117.4192,Overstock Risk
2024-07-22,butter,Cloudy,False,False,2564,1533.0,2709.0,151.0,2017.75,2391.875,Normal
2024-07-22,butter,Rainy,False,False,1348,2564.0,1533.0,1265.0,2038.5,1640.2983,Understock Risk
2024-07-22,butter,Sunny,False,False,3805,1348.0,2564.0,2709.0,2312.5,3964.1575,Normal
2024-07-22,butter,Sunny,False,True,393,3805.0,1348.0,1533.0,2027.5,681.21173,Understock Risk
2024-07-22,butter,Sunny,True,False,909,393.0,3805.0,2564.0,1613.75,918.6842,Normal
2024-07-29,butter,Cloudy,False,False,2034,909.0,393.0,1348.0,1785.25,2147.3103,Normal
2024-07-29,butter,Cloudy,True,False,1569,2034.0,909.0,3805.0,1226.25,1208.275,Overstock Risk
2024-07-29,butter,Rainy,False,False,1840,1569.0,2034.0,393.0,1588.0,1369.178,Overstock Risk
2024-07-29,butter,Rainy,True,True,817,1840.0,1569.0,909.0,1565.0,696.0542,Normal
2024-07-29,butter,Sunny,False,False,2863,817.0,1840.0,2034.0,1772.25,2935.9197,Normal
2024-07-29,butter,Sunny,True,True,887,2863.0,817.0,1569.0,1601.75,857.95575,Normal
2024-08-05,butter,Cloudy,False,False,2183,887.0,2863.0,1840.0,1687.5,1991.3363,Normal
2024-08-05,butter,Cloudy,True,False,908,2183.0,887.0,817.0,1710.25,1023.7712,Normal
2024-08-05,butter,Rainy,False,False,1042,908.0,2183.0,2863.0,1255.0,1031.0408,Normal
2024-08-05,butter,Sunny,False,False,5122,1042.0,908.0,887.0,2313.75,4946.8936,Normal
2024-08-05,butter,Sunny,True,False,820,5122.0,1042.0,2183.0,1973.0,1030.1124,Understock Risk
2024-08-12,butter,Cloudy,False,False,2239,820.0,5122.0,908.0,2305.75,2159.777,Normal
2024-08-12,butter,Rainy,False,False,915,2239.0,820.0,1042.0,2274.0,1354.9437,Understock Risk
2024-08-12,butter,Rainy,True,False,556,915.0,2239.0,5122.0,1132.5,571.75446,Normal
2024-08-12,butter,Sunny,False,False,1971,556.0,915.0,820.0,1420.25,2474.8696,Understock Risk
2024-08-12,butter,Sunny,False,True,465,1971.0,556.0,2239.0,976.75,494.97455,Normal
2024-08-12,butter,Sunny,True,False,1445,465.0,1971.0,915.0,1109.25,1351.1915,Normal
2024-08-19,butter,Cloudy,False,False,4861,1445.0,465.0,556.0,2185.5,3965.7063,Normal
2024-08-19,butter,Rainy,False,False,1157,4861.0,1445.0,1971.0,1982.0,1184.891,Normal
2024-08-19,butter,Sunny,False,False,5661,1157.0,4861.0,465.0,3281.0,5860.435,Normal
2024-08-19,butter,Sunny,False,True,762,5661.0,1157.0,1445.0,3110.25,905.94037,Normal
2024-08-26,butter,Cloudy,False,False,3052,762.0,5661.0,4861.0,2658.0,2876.6663,Normal
2024-08-26,butter,Cloudy,True,False,862,3052.0,762.0,1157.0,2584.25,938.2649,Normal
2024-08-26,butter,Rainy,False,False,3634,862.0,3052.0,5661.0,2077.5,3037.8914,Normal
2024-08-26,butter,Rainy,True,False,499,3634.0,862.0,762.0,2011.75,656.4024,Understock Risk
2024-08-26,butter,Sunny,False,False,2500,499.0,3634.0,3052.0,1873.75,2795.4255,Normal
2024-08-26,butter,Sunny,True,False,1884,2500.0,499.0,862.0,2129.25,1851.1057,Normal
2024-09-02,butter,Cloudy,False,False,1639,1884.0,2500.0,3634.0,1630.5,1509.4255,Normal
2024-09-02,butter,Cloudy,False,True,460,1639.0,1884.0,499.0,1620.75,436.8847,Normal
2024-09-02,butter,Cloudy,True,False,804,460.0,1639.0,2500.0,1196.75,1050.4081,Understock Risk
2024-09-02,butter,Rainy,False,False,969,804.0,460.0,1884.0,968.0,973.1799,Normal
2024-09-02,butter,Rainy,True,False,862,969.0,804.0,1639.0,773.75,802.72003,Normal
2024-09-02,butter,Sunny,False,False,2754,862.0,969.0,460.0,1347.25,2688.4211,Normal
2024-09-02,butter,Sunny,False,True,801,2754.0,862.0,804.0,1346.5,647.5397,Normal
2024-09-02,butter,Sunny,True,False,1582,801.0,2754.0,969.0,1499.75,1439.0818,Normal
2024-09-09,butter,Cloudy,False,False,2425,1582.0,801.0,862.0,1890.5,2292.0864,Normal
2024-09-09,butter,Rainy,False,False,816,2425.0,1582.0,2754.0,1406.0,1148.368,Understock Risk
2024-09-09,butter,Rainy,True,False,1854,816.0,2425.0,801.0,1669.25,1628.6057,Normal
2024-09-09,butter,Sunny,False,False,1424,1854.0,816.0,1582.0,1629.75,2127.6497,Understock Risk
2024-09-09,butter,Sunny,True,False,799,1424.0,1854.0,2425.0,1223.25,818.14246,Normal
2024-09-16,butter,Cloudy,False,False,2521,799.0,1424.0,816.0,1649.5,2366.3784,Normal
2024-09-16,butter,Rainy,False,False,1416,2521.0,799.0,1854.0,1540.0,1340.9049,Normal
2024-09-16,butter,Rainy,False,True,374,1416.0,2521.0,1424.0,1277.5,257.79407,Overstock Risk
2024-09-16,butter,Rainy,True,False,936,374.0,1416.0,799.0,1311.75,1043.0178,Normal
2024-09-16,butter,Sunny,False,False,1712,936.0,374.0,2521.0,1109.5,2017.6794,Normal
2024-09-16,butter,Sunny,True,False,651,1712.0,936.0,1416.0,918.25,824.7842,Understock Risk
2024-09-23,butter,Cloudy,False,False,1734,651.0,1712.0,374.0,1258.25,1536.0377,Normal
2024-09-23,butter,Cloudy,False,True,640,1734.0,651.0,936.0,1184.25,558.5336,Normal
2024-09-23,butter,Cloudy,True,False,725,640.0,1734.0,1712.0,937.5,724.6465,Normal
2024-09-23,butter,Rainy,False,False,1698,725.0,640.0,651.0,1199.25,1380.0619,Normal
2024-09-23,butter,Sunny,False,False,3010,1698.0,725.0,1734.0,1518.25,2627.4902,Normal
2024-09-23,butter,Sunny,True,False,2108,3010.0,1698.0,640.0,1885.25,1821.5284,Normal
2024-09-30,butter,Cloudy,False,False,2716,2108.0,3010.0,725.0,2383.0,2421.8552,Normal
2024-09-30,butter,Cloudy,True,False,768,2716.0,2108.0,1698.0,2150.5,1125.3082,Understock Risk
2024-09-30,butter,Rainy,False,False,796,768.0,2716.0,3010.0,1597.0,1056.9357,Understock Risk
2024-09-30,butter,Sunny,False,False,2431,796.0,768.0,2108.0,1677.75,3105.7434,Understock Risk
2024-10-07,butter,Cloudy,False,False,1982,2431.0,796.0,2716.0,1494.25,1849.1139,Normal
2024-10-07,butter,Cloudy,True,False,784,1982.0,2431.0,768.0,1498.25,853.93646,Normal
2024-10-07,butter,Rainy,False,False,2233,784.0,1982.0,796.0,1857.5,2011.9314,Normal
2024-10-07,butter,Rainy,False,True,458,2233.0,784.0,2431.0,1364.25,439.9759,Normal
2024-10-07,butter,Rainy,True,False,652,458.0,2233.0,1982.0,1031.75,733.5319,Normal
2024-10-07,butter,Sunny,False,False,4625,652.0,458.0,784.0,1992.0,4438.014,Normal
2024-10-07,butter,Sunny,False,True,440,4625.0,652.0,2233.0,1543.75,527.7794,Normal
2024-10-07,butter,Sunny,True,False,1367,440.0,4625.0,458.0,1771.0,1203.6611,Normal
2024-10-14,butter,Cloudy,False,False,1712,1367.0,440.0,652.0,2036.0,2017.7543,Normal
2024-10-14,butter,Cloudy,False,True,726,1712.0,1367.0,4625.0,1061.25,587.4794,Normal
2024-10-14,butter,Cloudy,True,False,972,726.0,1712.0,440.0,1194.25,881.1185,Normal
2024-10-14,butter,Cloudy,True,True,597,972.0,726.0,1367.0,1001.75,678.49,Normal
2024-10-14,butter,Rainy,False,False,1653,597.0,972.0,1712.0,987.0,1218.7418,Overstock Risk
2024-10-14,butter,Rainy,True,False,627,1653.0,597.0,726.0,962.25,653.8665,Normal
2024-10-14,butter,Sunny,False,False,3987,627.0,1653.0,972.0,1716.0,3644.158,Normal
2024-10-14,butter,Sunny,True,False,735,3987.0,627.0,597.0,1750.5,1073.9509,Understock Risk
2024-10-21,butter,Cloudy,False,False,1719,735.0,3987.0,1653.0,1767.0,1595.4728,Normal
2024-10-21,butter,Cloudy,True,False,1366,1719.0,735.0,627.0,1951.75,1336.1938,Normal
2024-10-21,butter,Rainy,False,False,1078,1366.0,1719.0,3987.0,1224.5,1061.1619,Normal
2024-10-21,butter,Rainy,True,False,645,1078.0,1366.0,735.0,1202.0,854.6397,Understock Risk
2024-10-21,butter,Sunny,False,False,3444,645.0,1078.0,1719.0,1633.25,3414.1943,Normal
2024-10-21,butter,Sunny,False,True,428,3444.0,645.0,1366.0,1398.75,504.67883,Normal
2024-10-21,butter,Sunny,True,False,1161,428.0,3444.0,1078.0,1419.5,995.8447,Normal
2024-10-21,butter,Sunny,True,True,825,1161.0,428.0,645.0,1464.5,964.00574,Normal
2024-10-28,butter,Cloudy,False,False,4250,825.0,1161.0,3444.0,1666.0,2508.3496,Overstock Risk
2024-10-28,butter,Cloudy,False,True,546,4250.0,825.0,428.0,1695.5,499.9761,Normal
2024-10-28,butter,Cloudy,True,False,623,546.0,4250.0,1161.0,1561.0,860.84467,Understock Risk
2024-10-28,butter,Rainy,False,False,1074,623.0,546.0,825.0,1623.25,2016.7712,Understock Risk
2024-10-28,butter,Sunny,False,False,2597,1074.0,623.0,4250.0,1210.0,2434.05,Normal
2024-10-28,butter,Sunny,False,True,790,2597.0,1074.0,546.0,1271.0,330.2182,Overstock Risk
2024-10-28,butter,Sunny,True,False,1280,790.0,2597.0,623.0,1435.25,1222.7291,Normal
2024-11-04,butter,Cloudy,False,False,1798,1280.0,790.0,1074.0,1616.25,2096.4885,Normal
2024-11-04,butter,Cloudy,True,False,1531,1798.0,1280.0,2597.0,1349.75,1277.1498,Normal
2024-11-04,butter,Rainy,False,False,2315,1531.0,1798.0,790.0,1731.0,1223.4457,Overstock Risk
2024-11-04,butter,Rainy,False,True,421,2315.0,1531.0,1280.0,1516.25,486.54196,Normal
2024-11-04,butter,Rainy,True,False,654,421.0,2315.0,1798.0,1230.25,896.86304,Understock Risk
2024-11-04,butter,Sunny,False,False,3216,654.0,421.0,1531.0,1651.5,3460.476,Normal
2024-11-04,butter,Sunny,False,True,847,3216.0,654.0,2315.0,1284.5,626.923,Overstock Risk
2024-11-04,butter,Sunny,True,False,1217,847.0,3216.0,421.0,1483.5,1221.2456,Normal
2024-11-11,butter,Cloudy,False,False,1615,1217.0,847.0,654.0,1723.75,2392.7214,Understock Risk
2024-11-11,butter,Cloudy,True,False,710,1615.0,1217.0,3216.0,1097.25,904.32025,Understock Risk
2024-11-11,butter,Rainy,False,False,1259,710.0,1615.0,847.0,1200.25,1160.6093,Normal
2024-11-11,butter,Rainy,True,False,2082,1259.0,710.0,1217.0,1416.5,1120.7985,Overstock Risk
2024-11-11,butter,Sunny,False,False,2846,2082.0,1259.0,1615.0,1724.25,2295.0273,Normal
2024-11-11,butter,Sunny,False,True,569,2846.0,2082.0,710.0,1689.0,763.23737,Understock Risk
2024-11-11,butter,Sunny,True,False,2809,569.0,2846.0,1259.0,2076.5,2280.163,Normal
2024-11-18,butter,Cloudy,False,False,1833,2809.0,569.0,2082.0,2014.25,2319.807,Understock Risk
2024-11-18,butter,Cloudy,False,True,769,1833.0,2809.0,2846.0,1495.0,340.66876,Overstock Risk
2024-11-18,butter,Cloudy,True,False,823,769.0,1833.0,569.0,1558.5,1263.9948,Understock Risk
2024-11-18,butter,Rainy,False,False,719,823.0,769.0,2809.0,1036.0,905.9036,Understock Risk
2024-11-18,butter,Rainy,True,False,1815,719.0,823.0,1833.0,1031.5,1043.718,Overstock Risk
2024-11-18,butter,Sunny,False,False,2933,1815.0,719.0,769.0,1572.5,2409.7993,Normal
2024-11-18,butter,Sunny,True,False,2189,2933.0,1815.0,823.0,1914.0,1738.9846,Overstock Risk
2024-11-25,butter,Cloudy,False,False,1237,2189.0,2933.0,719.0,2043.5,2013.0605,Understock Risk
2024-11-25,butter,Cloudy,True,False,796,1237.0,2189.0,1815.0,1788.75,1558.2302,Understock Risk
2024-11-25,butter,Rainy,False,False,730,796.0,1237.0,2933.0,1238.0,1260.4279,Understock Risk
2024-11-25,butter,Rainy,True,False,1424,730.0,796.0,2189.0,1046.75,840.5228,Overstock Risk
2024-11-25,butter,Sunny,False,False,8033,1424.0,730.0,1237.0,2745.75,5953.8525,Overstock Risk
2024-11-25,butter,Sunny,True,False,866,8033.0,1424.0,796.0,2763.25,1342.3744,Understock Risk
2024-12-02,butter,Cloudy,False,False,3562,866.0,8033.0,730.0,3471.25,2166.2666,Overstock Risk
2024-12-02,butter,Cloudy,True,True,476,3562.0,866.0,1424.0,3234.25,1297.3984,Understock Risk
2024-12-02,butter,Rainy,False,False,1661,476.0,3562.0,8033.0,1641.25,1453.8557,Normal
2024-12-02,butter,Rainy,False,True,576,1661.0,476.0,866.0,1568.75,915.89966,Understock Risk
2024-12-02,butter,Rainy,True,False,684,576.0,1661.0,3562.0,849.25,623.11676,Normal
2024-12-02,butter,Sunny,False,False,3674,684.0,576.0,476.0,1648.75,3573.9514,Normal
2024-12-02,butter,Sunny,True,False,837,3674.0,684.0,1661.0,1442.75,1233.4406,Understock Risk
2024-12-09,butter,Cloudy,False,False,2338,837.0,3674.0,576.0,1883.25,2049.7815,Normal
2024-12-09,butter,Cloudy,True,False,1132,2338.0,837.0,684.0,1995.25,1299.868,Normal
2024-12-09,butter,Rainy,False,False,1280,1132.0,2338.0,3674.0,1396.75,1267.5206,Normal
2024-12-09,butter,Rainy,True,False,784,1280.0,1132.0,837.0,1383.5,1144.8843,Understock Risk
2024-12-09,butter,Sunny,False,False,5569,784.0,1280.0,2338.0,2191.25,4930.446,Normal
2024-12-09,butter,Sunny,False,True,374,5569.0,784.0,1132.0,2001.75,454.53873,Understock Risk
2024-12-09,butter,Sunny,True,False,3039,374.0,5569.0,1280.0,2441.5,1934.5273,Overstock Risk
2024-12-09,butter,Sunny,True,True,825,3039.0,374.0,784.0,2451.75,1662.5236,Understock Risk
2024-12-16,butter,Cloudy,False,False,3173,825.0,3039.0,5569.0,1852.75,2420.9187,Overstock Risk
2024-12-16,butter,Rainy,False,False,1604,3173.0,825.0,374.0,2160.25,1338.0272,Normal
2024-12-16,butter,Rainy,True,False,2235,1604.0,3173.0,3039.0,1959.25,927.40674,Overstock Risk
2024-12-16,butter,Sunny,False,False,2239,2235.0,1604.0,825.0,2312.75,4067.1265,Understock Risk
2024-12-23,butter,Cloudy,False,False,3548,2239.0,2235.0,3173.0,2406.5,2448.4116,Overstock Risk
2024-12-23,butter,Cloudy,False,True,914,3548.0,2239.0,1604.0,2234.0,835.076,Normal
2024-12-23,butter,Cloudy,True,False,722,914.0,3548.0,2235.0,1855.75,1128.7325,Understock Risk
2024-12-23,butter,Rainy,False,False,1167,722.0,914.0,2239.0,1587.75,1850.2242,Understock Risk
2024-12-23,butter,Sunny,False,False,5780,1167.0,722.0,3548.0,2145.75,4426.2,Overstock Risk
2024-12-23,butter,Sunny,True,False,864,5780.0,1167.0,914.0,2133.25,1080.1458,Understock Risk
2024-12-23,butter,Sunny,True,True,716,864.0,5780.0,722.0,2131.75,957.24915,Understock Risk
2024-12-30,butter,Cloudy,False,False,1722,716.0,864.0,1167.0,2270.5,2474.697,Understock Risk
2024-12-30,butter,Rainy,False,False,345,1722.0,716.0,5780.0,911.75,892.7165,Understock Risk
2024-12-30,butter,Sunny,False,False,1700,345.0,1722.0,864.0,1120.75,2254.3315,Understock Risk
2024-12-30,butter,Sunny,False,True,453,1700.0,345.0,716.0,1055.0,400.25385,Normal
2024-01-01,coconut milk,Sunny,False,False,4326,990.0,2290.0,2869.0,2000.25,4188.966,Normal
2024-01-01,coconut milk,Sunny,False,True,359,4326.0,990.0,395.0,1991.25,689.7454,Understock Risk
2024-01-01,coconut milk,Sunny,True,False,1791,359.0,4326.0,2290.0,1866.5,1737.5325,Normal
2024-01-08,coconut milk,Cloudy,False,False,1354,1791.0,359.0,990.0,1957.5,2328.2944,Understock Risk
2024-01-08,coconut milk,Cloudy,True,False,519,1354.0,1791.0,4326.0,1005.75,521.00195,Normal
2024-01-08,coconut milk,Rainy,False,False,692,519.0,1354.0,359.0,1089.0,1117.5068,Understock Risk
2024-01-08,coconut milk,Rainy,False,True,18,692.0,519.0,1791.0,645.75,414.1679,Understock Risk
2024-01-08,coconut milk,Rainy,True,False,1268,18.0,692.0,1354.0,624.25,831.4745,Overstock Risk
2024-01-08,coconut milk,Sunny,False,False,4041,1268.0,18.0,519.0,1504.75,3334.9316,Normal
2024-01-08,coconut milk,Sunny,True,False,2073,4041.0,1268.0,692.0,1850.0,1286.528,Overstock Risk
2024-01-15,coconut milk,Cloudy,False,False,2811,2073.0,4041.0,18.0,2548.25,2791.593,Normal
2024-01-15,coconut milk,Cloudy,False,True,674,2811.0,2073.0,1268.0,2399.75,699.52673,Normal
2024-01-15,coconut milk,Cloudy,True,False,861,674.0,2811.0,4041.0,1604.75,1137.946,Understock Risk
2024-01-15,coconut milk,Rainy,False,False,404,861.0,674.0,2073.0,1187.5,1230.8727,Understock Risk
2024-01-15,coconut milk,Rainy,True,False,1285,404.0,861.0,2811.0,806.0,1019.41376,Overstock Risk
2024-01-15,coconut milk,Sunny,False,False,4319,1285.0,404.0,674.0,1717.25,3664.7986,Normal
2024-01-15,coconut milk,Sunny,True,False,2215,4319.0,1285.0,861.0,2055.75,1745.9335,Overstock Risk
2024-01-15,coconut milk,Sunny,True,True,607,2215.0,4319.0,404.0,2106.5,608.68097,Normal
2024-01-22,coconut milk,Cloudy,False,False,2208,607.0,2215.0,1285.0,2337.25,2782.082,Understock Risk
2024-01-22,coconut milk,Cloudy,True,False,999,2208.0,607.0,4319.0,1507.25,1231.8341,Understock Risk
2024-01-22,coconut milk,Rainy,False,False,1341,999.0,2208.0,2215.0,1288.75,1019.3292,Overstock Risk
2024-01-22,coconut milk,Sunny,False,False,3724,1341.0,999.0,607.0,2068.0,4332.6084,Normal
2024-01-22,coconut milk,Sunny,True,False,3969,3724.0,1341.0,2208.0,2508.25,2550.9827,Overstock Risk
2024-01-29,coconut milk,Cloudy,False,False,3327,3969.0,3724.0,999.0,3090.25,3487.3865,Normal
2024-01-29,coconut milk,Cloudy,False,True,391,3327.0,3969.0,1341.0,2852.75,856.56,Understock Risk
2024-01-29,coconut milk,Cloudy,True,False,402,391.0,3327.0,3724.0,2022.25,1368.4498,Understock Risk
2024-01-29,coconut milk,Rainy,False,False,2562,402.0,391.0,3969.0,1670.5,2487.248,Normal
2024-01-29,coconut milk,Rainy,True,False,813,2562.0,402.0,3327.0,1042.0,677.19403,Normal
2024-01-29,coconut milk,Rainy,True,True,687,813.0,2562.0,391.0,1116.0,348.80865,Overstock Risk
2024-01-29,coconut milk,Sunny,False,False,5798,687.0,813.0,402.0,2465.0,6076.7773,Normal
2024-01-29,coconut milk,Sunny,False,True,409,5798.0,687.0,2562.0,1926.75,505.9102,Understock Risk
2024-01-29,coconut milk,Sunny,True,False,342,409.0,5798.0,813.0,1809.0,1044.2694,Understock Risk
2024-01-29,coconut milk,Sunny,True,True,399,342.0,409.0,687.0,1737.0,1524.9873,Understock Risk
2024-02-05,coconut milk,Cloudy,False,False,1491,399.0,342.0,5798.0,660.25,1145.6603,Overstock Risk
2024-02-05,coconut milk,Cloudy,False,True,209,1491.0,399.0,409.0,610.25,240.71321,Normal
2024-02-05,coconut milk,Cloudy,True,False,249,209.0,1491.0,342.0,587.0,543.95,Understock Risk
2024-02-05,coconut milk,Rainy,False,False,2384,249.0,209.0,399.0,1083.25,1703.6433,Overstock Risk
2024-02-05,coconut milk,Rainy,True,False,825,2384.0,249.0,1491.0,916.75,714.57764,Normal
2024-02-05,coconut milk,Sunny,False,False,4599,825.0,2384.0,209.0,2014.25,4427.3926,Normal
2024-02-05,coconut milk,Sunny,False,True,1312,4599.0,825.0,249.0,2280.0,1153.2198,Normal
2024-02-05,coconut milk,Sunny,True,False,884,1312.0,4599.0,2384.0,1905.0,1105.8025,Understock Risk
2024-02-12,coconut milk,Cloudy,False,False,2589,884.0,1312.0,825.0,2346.0,2907.6062,Normal
2024-02-12,coconut milk,Cloudy,False,True,560,2589.0,884.0,4599.0,1336.25,498.45294,Normal
2024-02-12,coconut milk,Cloudy,True,False,1482,560.0,2589.0,1312.0,1378.75,1105.7314,Overstock Risk
2024-02-12,coconut milk,Rainy,False,False,2212,1482.0,560.0,884.0,1710.75,1639.857,Overstock Risk
2024-02-12,coconut milk,Rainy,True,False,767,2212.0,1482.0,2589.0,1255.25,952.2486,Understock Risk
2024-02-12,coconut milk,Sunny,False,False,4758,767.0,2212.0,560.0,2304.75,4762.7505,Normal
2024-02-12,coconut milk,Sunny,False,True,758,4758.0,767.0,1482.0,2123.75,635.47845,Normal
2024-02-12,coconut milk,Sunny,True,False,1429,758.0,4758.0,2212.0,1928.0,1252.8586,Normal
2024-02-19,coconut milk,Cloudy,False,False,3880,1429.0,758.0,767.0,2706.25,3269.4233,Normal
2024-02-19,coconut milk,Cloudy,True,False,1005,3880.0,1429.0,4758.0,1768.0,1104.3704,Normal
2024-02-19,coconut milk,Cloudy,True,True,823,1005.0,3880.0,758.0,1784.25,630.7575,Overstock Risk
2024-02-19,coconut milk,Rainy,False,False,1797,823.0,1005.0,1429.0,1876.25,2157.207,Understock Risk
2024-02-19,coconut milk,Sunny,False,False,4899,1797.0,823.0,3880.0,2131.0,3940.408,Normal
2024-02-19,coconut milk,Sunny,False,True,1137,4899.0,1797.0,1005.0,2164.0,641.667,Overstock Risk
2024-02-19,coconut milk,Sunny,True,False,3692,1137.0,4899.0,823.0,2881.25,2756.8884,Overstock Risk
2024-02-26,coconut milk,Cloudy,False,False,2328,3692.0,1137.0,1797.0,3014.0,3223.0122,Understock Risk
2024-02-26,coconut milk,Cloudy,False,True,36,2328.0,3692.0,4899.0,1798.25,230.90097,Understock Risk
2024-02-26,coconut milk,Rainy,False,False,979,36.0,2328.0,1137.0,1758.75,1990.9155,Understock Risk
2024-02-26,coconut milk,Rainy,True,False,29,979.0,36.0,3692.0,843.0,490.53552,Understock Risk
2024-02-26,coconut milk,Sunny,False,False,3780,29.0,979.0,2328.0,1206.0,2965.3977,Overstock Risk
2024-02-26,coconut milk,Sunny,False,True,294,3780.0,29.0,36.0,1270.5,301.6568,Normal
2024-02-26,coconut milk,Sunny,True,False,763,294.0,3780.0,979.0,1216.5,875.20245,Normal
2024-02-26,coconut milk,Sunny,True,True,524,763.0,294.0,29.0,1340.25,1034.4211,Understock Risk
2024-03-04,coconut milk,Cloudy,False,False,1117,524.0,763.0,3780.0,674.5,1031.0255,Normal
2024-03-04,coconut milk,Cloudy,False,True,953,1117.0,524.0,294.0,839.25,496.29678,Overstock Risk
2024-03-04,coconut milk,Rainy,False,False,750,953.0,1117.0,763.0,836.0,682.64276,Normal
2024-03-04,coconut milk,Rainy,False,True,157,750.0,953.0,524.0,744.25,133.23279,Normal
2024-03-04,coconut milk,Rainy,True,False,507,157.0,750.0,1117.0,591.75,704.6385,Understock Risk
2024-03-04,coconut milk,Sunny,False,False,5373,507.0,157.0,953.0,1696.75,4158.1133,Overstock Risk
2024-03-04,coconut milk,Sunny,False,True,296,5373.0,507.0,750.0,1583.25,270.8246,Normal
2024-03-04,coconut milk,Sunny,True,False,909,296.0,5373.0,157.0,1771.25,1101.8848,Understock Risk
2024-03-11,coconut milk,Cloudy,False,False,1454,909.0,296.0,507.0,2008.0,2508.249,Understock Risk
2024-03-11,coconut milk,Cloudy,False,True,304,1454.0,909.0,5373.0,740.75,315.21075,Normal
2024-03-11,coconut milk,Cloudy,True,False,782,304.0,1454.0,296.0,862.25,748.60406,Normal
2024-03-11,coconut milk,Cloudy,True,True,239,782.0,304.0,909.0,694.75,396.13013,Understock Risk
2024-03-11,coconut milk,Rainy,False,False,1444,239.0,782.0,1454.0,692.25,1055.4159,Overstock Risk
2024-03-11,coconut milk,Rainy,True,False,1253,1444.0,239.0,304.0,929.5,994.9608,Overstock Risk
2024-03-11,coconut milk,Sunny,False,False,4338,1253.0,1444.0,782.0,1818.5,3616.9114,Normal
2024-03-11,coconut milk,Sunny,False,True,235,4338.0,1253.0,239.0,1817.5,346.89722,Understock Risk
2024-03-11,coconut milk,Sunny,True,False,1607,235.0,4338.0,1444.0,1858.25,1839.321,Normal
2024-03-18,coconut milk,Cloudy,False,False,2838,1607.0,235.0,1253.0,2254.5,2895.6375,Normal
2024-03-18,coconut milk,Cloudy,True,False,309,2838.0,1607.0,4338.0,1247.25,895.4688,Understock Risk
2024-03-18,coconut milk,Rainy,False,False,817,309.0,2838.0,235.0,1392.75,1159.9662,Understock Risk
2024-03-18,coconut milk,Rainy,True,False,397,817.0,309.0,1607.0,1090.25,835.5858,Understock Risk
2024-03-18,coconut milk,Sunny,False,False,1847,397.0,817.0,2838.0,842.5,1680.0891,Normal
2024-03-18,coconut milk,Sunny,True,False,740,1847.0,397.0,309.0,950.25,949.0926,Understock Risk
2024-03-25,coconut milk,Cloudy,False,False,1678,740.0,1847.0,817.0,1165.5,1347.3373,Normal
2024-03-25,coconut milk,Cloudy,False,True,285,1678.0,740.0,397.0,1137.5,563.41565,Understock Risk
2024-03-25,coconut milk,Cloudy,True,False,707,285.0,1678.0,1847.0,852.5,725.7696,Normal
2024-03-25,coconut milk,Rainy,False,False,1460,707.0,285.0,740.0,1032.5,1193.7476,Normal
2024-03-25,coconut milk,Rainy,True,False,411,1460.0,707.0,1678.0,715.75,727.7518,Understock Risk
2024-03-25,coconut milk,Sunny,False,False,3188,411.0,1460.0,285.0,1441.5,3046.3525,Normal
2024-03-25,coconut milk,Sunny,False,True,345,3188.0,411.0,707.0,1351.0,414.6052,Understock Risk
2024-03-25,coconut milk,Sunny,True,False,2127,345.0,3188.0,1460.0,1517.75,1553.3779,Overstock Risk
2024-04-01,coconut milk,Cloudy,False,False,3905,2127.0,345.0,411.0,2391.25,3336.3013,Normal
2024-04-01,coconut milk,Cloudy,True,False,1524,3905.0,2127.0,3188.0,1975.25,1069.0095,Overstock Risk
2024-04-01,coconut milk,Rainy,False,False,932,1524.0,3905.0,345.0,2122.0,1615.737,Understock Risk
2024-04-01,coconut milk,Rainy,True,True,510,932.0,1524.0,2127.0,1717.75,1113.0696,Understock Risk
2024-04-01,coconut milk,Sunny,False,False,3351,510.0,932.0,3905.0,1579.25,3416.3323,Normal
2024-04-01,coconut milk,Sunny,False,True,563,3351.0,510.0,1524.0,1339.0,451.3225,Normal
2024-04-01,coconut milk,Sunny,True,False,1232,563.0,3351.0,932.0,1414.0,1211.1179,Normal
2024-04-08,coconut milk,Cloudy,False,False,2711,1232.0,563.0,510.0,1964.25,2696.4924,Normal
2024-04-08,coconut milk,Cloudy,False,True,394,2711.0,1232.0,3351.0,1225.0,529.5696,Understock Risk
2024-04-08,coconut milk,Cloudy,True,False,543,394.0,2711.0,563.0,1220.0,685.5236,Understock Risk
2024-04-08,coconut milk,Rainy,False,False,2309,543.0,394.0,1232.0,1489.25,1717.6134,Overstock Risk
2024-04-08,coconut milk,Rainy,True,False,968,2309.0,543.0,2711.0,1053.5,824.9261,Normal
2024-04-08,coconut milk,Sunny,False,False,4212,968.0,2309.0,394.0,2008.0,4335.376,Normal
2024-04-08,coconut milk,Sunny,False,True,837,4212.0,968.0,543.0,2081.5,606.66144,Overstock Risk
2024-04-08,coconut milk,Sunny,True,False,134,837.0,4212.0,2309.0,1537.75,793.895,Understock Risk
2024-04-15,coconut milk,Cloudy,False,False,2372,134.0,837.0,968.0,1888.75,3134.8547,Understock Risk
2024-04-15,coconut milk,Cloudy,True,False,990,2372.0,134.0,4212.0,1083.25,865.68286,Normal
2024-04-15,coconut milk,Rainy,False,False,1459,990.0,2372.0,837.0,1238.75,1060.681,Overstock Risk
2024-04-15,coconut milk,Rainy,True,False,533,1459.0,990.0,134.0,1338.5,823.57764,Understock Risk
2024-04-15,coconut milk,Sunny,False,False,5455,533.0,1459.0,2372.0,2109.25,5036.2715,Normal
2024-04-15,coconut milk,Sunny,True,False,940,5455.0,533.0,990.0,2096.75,1241.1423,Understock Risk
2024-04-22,coconut milk,Cloudy,False,False,2049,940.0,5455.0,1459.0,2244.25,2277.0354,Normal
2024-04-22,coconut milk,Cloudy,True,False,529,2049.0,940.0,533.0,2243.25,1386.2996,Understock Risk
2024-04-22,coconut milk,Rainy,False,False,861,529.0,2049.0,5455.0,1094.75,1017.73846,Normal
2024-04-22,coconut milk,Rainy,True,False,661,861.0,529.0,940.0,1025.0,724.0044,Normal
2024-04-22,coconut milk,Sunny,False,False,2696,661.0,861.0,2049.0,1186.75,2730.415,Normal
2024-04-22,coconut milk,Sunny,False,True,291,2696.0,661.0,529.0,1127.25,230.81989,Overstock Risk
2024-04-22,coconut milk,Sunny,True,False,829,291.0,2696.0,861.0,1119.25,1076.7037,Understock Risk
2024-04-29,coconut milk,Cloudy,False,False,2383,829.0,291.0,661.0,1549.75,2359.8835,Normal
2024-04-29,coconut milk,Cloudy,True,False,1074,2383.0,829.0,2696.0,1144.25,993.50665,Normal
2024-04-29,coconut milk,Rainy,False,False,2032,1074.0,2383.0,291.0,1579.5,1645.2466,Normal
2024-04-29,coconut milk,Rainy,False,True,377,2032.0,1074.0,829.0,1466.5,523.11755,Understock Risk
2024-04-29,coconut milk,Rainy,True,False,657,377.0,2032.0,2383.0,1035.0,836.09094,Understock Risk
2024-04-29,coconut milk,Sunny,False,False,3562,657.0,377.0,1074.0,1657.0,3682.2961,Normal
2024-04-29,coconut milk,Sunny,False,True,130,3562.0,657.0,2032.0,1181.5,312.0166,Understock Risk
2024-04-29,coconut milk,Sunny,True,False,374,130.0,3562.0,377.0,1180.75,754.60895,Understock Risk
2024-05-06,coconut milk,Cloudy,False,False,2728,374.0,130.0,657.0,1698.5,2992.258,Normal
2024-05-06,coconut milk,Cloudy,True,False,1487,2728.0,374.0,3562.0,1179.75,1039.4397,Overstock Risk
2024-05-06,coconut milk,Rainy,False,False,1782,1487.0,2728.0,130.0,1592.75,1211.7261,Overstock Risk
2024-05-06,coconut milk,Rainy,True,False,128,1782.0,1487.0,374.0,1531.25,899.3964,Understock Risk
2024-05-06,coconut milk,Rainy,True,True,641,128.0,1782.0,2728.0,1009.5,591.3573,Normal
2024-05-06,coconut milk,Sunny,False,False,2475,641.0,128.0,1487.0,1256.5,2610.1306,Normal
2024-05-06,coconut milk,Sunny,False,True,62,2475.0,641.0,1782.0,826.5,107.67723,Understock Risk
2024-05-06,coconut milk,Sunny,True,False,586,62.0,2475.0,128.0,941.0,824.8156,Understock Risk
2024-05-06,coconut milk,Sunny,True,True,529,586.0,62.0,641.0,913.0,546.3406,Normal
2024-05-13,coconut milk,Cloudy,False,False,2256,529.0,586.0,2475.0,858.25,1596.0502,Overstock Risk
2024-05-13,coconut milk,Cloudy,True,False,0,2256.0,529.0,62.0,842.75,357.3151,Understock Risk
2024-05-13,coconut milk,Rainy,False,False,2164,0.0,2256.0,586.0,1237.25,1398.8268,Overstock Risk
2024-05-13,coconut milk,Rainy,True,False,850,2164.0,0.0,529.0,1317.5,887.5373,Normal
2024-05-13,coconut milk,Sunny,False,False,5283,850.0,2164.0,2256.0,2074.25,4411.9795,Normal
2024-05-13,coconut milk,Sunny,False,True,263,5283.0,850.0,0.0,2140.0,459.1706,Understock Risk
2024-05-13,coconut milk,Sunny,True,False,443,263.0,5283.0,2164.0,1709.75,925.57245,Understock Risk
2024-05-20,coconut milk,Cloudy,False,False,1949,443.0,263.0,850.0,1984.5,2867.9456,Understock Risk
2024-05-20,coconut milk,Cloudy,False,True,453,1949.0,443.0,5283.0,777.0,333.96942,Overstock Risk
2024-05-20,coconut milk,Cloudy,True,False,1231,453.0,1949.0,263.0,1019.0,838.5672,Overstock Risk
2024-05-20,coconut milk,Rainy,False,False,1478,1231.0,453.0,443.0,1277.75,1234.5433,Normal
2024-05-20,coconut milk,Rainy,True,False,695,1478.0,1231.0,1949.0,964.25,626.1996,Normal
2024-05-20,coconut milk,Sunny,False,False,4593,695.0,1478.0,453.0,1999.25,4722.6963,Normal
2024-05-20,coconut milk,Sunny,True,False,699,4593.0,695.0,1231.0,1866.25,1307.0864,Understock Risk
2024-05-27,coconut milk,Cloudy,False,False,2463,699.0,4593.0,1478.0,2112.5,2201.326,Normal
2024-05-27,coconut milk,Cloudy,False,True,482,2463.0,699.0,695.0,2059.25,529.3619,Normal
2024-05-27,coconut milk,Rainy,False,False,1870,482.0,2463.0,4593.0,1378.5,1320.8138,Overstock Risk
2024-05-27,coconut milk,Rainy,True,False,502,1870.0,482.0,699.0,1329.25,973.9509,Understock Risk
2024-05-27,coconut milk,Sunny,False,False,6097,502.0,1870.0,2463.0,2237.75,5574.2227,Normal
2024-05-27,coconut milk,Sunny,True,False,2110,6097.0,502.0,482.0,2644.75,1882.2982,Normal
2024-06-03,coconut milk,Cloudy,False,False,1591,2110.0,6097.0,1870.0,2575.0,2221.0552,Understock Risk
2024-06-03,coconut milk,Cloudy,False,True,644,1591.0,2110.0,502.0,2610.5,748.51495,Normal
2024-06-03,coconut milk,Cloudy,True,False,255,644.0,1591.0,6097.0,1150.0,977.2843,Understock Risk
2024-06-03,coconut milk,Rainy,False,False,1043,255.0,644.0,2110.0,883.25,1067.6924,Normal
2024-06-03,coconut milk,Rainy,True,False,536,1043.0,255.0,1591.0,619.5,572.02716,Normal
2024-06-03,coconut milk,Sunny,False,False,3642,536.0,1043.0,644.0,1369.0,2917.5798,Normal
2024-06-03,coconut milk,Sunny,True,False,1026,3642.0,536.0,255.0,1561.75,1198.539,Normal
2024-06-10,coconut milk,Cloudy,False,False,1565,1026.0,3642.0,1043.0,1692.25,1748.9622,Normal
2024-06-10,coconut milk,Cloudy,True,False,806,1565.0,1026.0,536.0,1759.75,1202.7334,Understock Risk
2024-06-10,coconut milk,Cloudy,True,True,590,806.0,1565.0,3642.0,996.75,625.1423,Normal
2024-06-10,coconut milk,Rainy,False,False,1835,590.0,806.0,1026.0,1199.0,1614.2773,Normal
2024-06-10,coconut milk,Rainy,True,False,188,1835.0,590.0,1565.0,854.75,538.2652,Understock Risk
2024-06-10,coconut milk,Sunny,False,False,4882,188.0,1835.0,806.0,1873.75,4558.5444,Normal
2024-06-10,coconut milk,Sunny,False,True,579,4882.0,188.0,590.0,1871.0,651.45984,Normal
2024-06-17,coconut milk,Cloudy,False,False,2474,579.0,4882.0,1835.0,2030.75,2082.5796,Normal
2024-06-17,coconut milk,Cloudy,True,False,1164,2474.0,579.0,188.0,2274.75,1390.755,Normal
2024-06-17,coconut milk,Rainy,False,False,831,1164.0,2474.0,4882.0,1262.0,822.2944,Normal
2024-06-17,coconut milk,Rainy,True,False,652,831.0,1164.0,579.0,1280.25,847.95825,Understock Risk
2024-06-17,coconut milk,Sunny,False,False,3363,652.0,831.0,2474.0,1502.5,3496.0771,Normal
2024-06-17,coconut milk,Sunny,False,True,1096,3363.0,652.0,1164.0,1485.5,504.15167,Overstock Risk
2024-06-17,coconut milk,Sunny,True,False,2041,1096.0,3363.0,831.0,1788.0,1873.8865,Normal
2024-06-24,coconut milk,Cloudy,False,False,2655,2041.0,1096.0,652.0,2288.75,2247.6733,Normal
2024-06-24,coconut milk,Cloudy,False,True,437,2655.0,2041.0,3363.0,1557.25,538.8638,Understock Risk
2024-06-24,coconut milk,Rainy,False,False,1343,437.0,2655.0,1096.0,1619.0,1579.4591,Normal
2024-06-24,coconut milk,Sunny,False,False,1891,1343.0,437.0,2041.0,1581.5,2591.9634,Understock Risk
2024-06-24,coconut milk,Sunny,False,True,254,1891.0,1343.0,2655.0,981.25,318.01862,Understock Risk
2024-06-24,coconut milk,Sunny,True,False,248,254.0,1891.0,437.0,934.0,972.82184,Understock Risk
2024-07-01,coconut milk,Cloudy,False,False,2010,248.0,254.0,1343.0,1100.75,1883.6624,Normal
2024-07-01,coconut milk,Cloudy,True,False,1334,2010.0,248.0,1891.0,961.5,975.5598,Overstock Risk
2024-07-01,coconut milk,Rainy,False,False,1178,1334.0,2010.0,254.0,1192.5,908.66266,Overstock Risk
2024-07-01,coconut milk,Rainy,True,False,215,1178.0,1334.0,248.0,1184.25,712.1737,Understock Risk
2024-07-01,coconut milk,Sunny,False,False,2741,215.0,1178.0,2010.0,1367.0,3115.669,Normal
2024-07-01,coconut milk,Sunny,True,False,2326,2741.0,215.0,1334.0,1615.0,1902.2915,Normal
2024-07-01,coconut milk,Sunny,True,True,364,2326.0,2741.0,1178.0,1411.5,388.07745,Normal
2024-07-08,coconut milk,Cloudy,False,False,1650,364.0,2326.0,215.0,1770.25,2217.415,Understock Risk
2024-07-08,coconut milk,Cloudy,False,True,272,1650.0,364.0,2741.0,1153.0,769.2182,Understock Risk
2024-07-08,coconut milk,Cloudy,True,False,591,272.0,1650.0,2326.0,719.25,713.2564,Understock Risk
2024-07-08,coconut milk,Rainy,False,False,2138,591.0,272.0,364.0,1162.75,1485.3666,Overstock Risk
2024-07-08,coconut milk,Rainy,False,True,247,2138.0,591.0,1650.0,812.0,331.7586,Understock Risk
2024-07-08,coconut milk,Rainy,True,False,690,247.0,2138.0,272.0,916.5,737.1394,Normal
2024-07-08,coconut milk,Sunny,False,False,6511,690.0,247.0,591.0,2396.5,6223.7793,Normal
2024-07-08,coconut milk,Sunny,True,False,996,6511.0,690.0,2138.0,2111.0,1310.4805,Understock Risk
2024-07-15,coconut milk,Cloudy,False,False,2060,996.0,6511.0,247.0,2564.25,2216.6096,Normal
2024-07-15,coconut milk,Cloudy,True,False,352,2060.0,996.0,690.0,2479.75,1317.8582,Understock Risk
2024-07-15,coconut milk,Rainy,False,False,2693,352.0,2060.0,6511.0,1525.25,2031.9962,Overstock Risk
2024-07-15,coconut milk,Rainy,False,True,280,2693.0,352.0,996.0,1346.25,424.34802,Understock Risk
2024-07-15,coconut milk,Rainy,True,False,491,280.0,2693.0,2060.0,954.0,511.87817,Normal
2024-07-15,coconut milk,Sunny,False,False,4141,491.0,280.0,352.0,1901.25,4589.026,Normal
2024-07-15,coconut milk,Sunny,False,True,267,4141.0,491.0,2693.0,1294.75,462.73257,Understock Risk
2024-07-15,coconut milk,Sunny,True,False,1385,267.0,4141.0,280.0,1571.0,1355.6936,Normal
2024-07-22,coconut milk,Cloudy,False,False,3647,1385.0,267.0,491.0,2360.0,3069.5403,Normal
2024-07-22,coconut milk,Cloudy,False,True,217,3647.0,1385.0,4141.0,1379.0,506.54297,Understock Risk
2024-07-22,coconut milk,Cloudy,True,False,515,217.0,3647.0,267.0,1441.0,864.20703,Understock Risk
2024-07-22,coconut milk,Rainy,False,False,801,515.0,217.0,1385.0,1295.0,1620.6643,Understock Risk
2024-07-22,coconut milk,Rainy,True,False,132,801.0,515.0,3647.0,416.25,410.378,Understock Risk
2024-07-22,coconut milk,Sunny,False,False,5404,132.0,801.0,217.0,1713.0,4597.8926,Normal
2024-07-22,coconut milk,Sunny,False,True,640,5404.0,132.0,515.0,1744.25,516.2727,Normal
2024-07-22,coconut milk,Sunny,True,False,1946,640.0,5404.0,801.0,2030.5,1811.1288,Normal
2024-07-29,coconut milk,Cloudy,False,False,2535,1946.0,640.0,132.0,2631.25,3233.3123,Understock Risk
2024-07-29,coconut milk,Cloudy,True,False,1036,2535.0,1946.0,5404.0,1539.25,1117.7639,Normal
2024-07-29,coconut milk,Rainy,False,False,546,1036.0,2535.0,640.0,1515.75,1183.2444,Understock Risk
2024-07-29,coconut milk,Rainy,False,True,392,546.0,1036.0,1946.0,1127.25,597.3617,Understock Risk
2024-07-29,coconut milk,Rainy,True,False,536,392.0,546.0,2535.0,627.5,586.3608,Normal
2024-07-29,coconut milk,Sunny,False,False,3047,536.0,392.0,1036.0,1130.25,2504.7605,Normal
2024-07-29,coconut milk,Sunny,False,True,159,3047.0,536.0,546.0,1033.5,201.12433,Understock Risk
2024-07-29,coconut milk,Sunny,True,False,1614,159.0,3047.0,392.0,1339.0,1571.2944,Normal
2024-08-05,coconut milk,Cloudy,False,False,2388,1614.0,159.0,536.0,1802.0,2252.0796,Normal
2024-08-05,coconut milk,Cloudy,False,True,184,2388.0,1614.0,3047.0,1086.25,311.5034,Understock Risk
2024-08-05,coconut milk,Cloudy,True,True,823,184.0,2388.0,159.0,1252.25,921.0519,Normal
2024-08-05,coconut milk,Rainy,False,False,835,823.0,184.0,1614.0,1057.5,1051.8197,Understock Risk
2024-08-05,coconut milk,Rainy,True,False,1205,835.0,823.0,2388.0,761.75,720.7614,Overstock Risk
2024-08-05,coconut milk,Sunny,False,False,3741,1205.0,835.0,184.0,1651.0,3571.6917,Normal
2024-08-05,coconut milk,Sunny,False,True,513,3741.0,1205.0,823.0,1573.5,434.01218,Normal
2024-08-05,coconut milk,Sunny,True,False,2525,513.0,3741.0,835.0,1996.0,2156.5642,Normal
2024-08-12,coconut milk,Cloudy,False,False,1501,2525.0,513.0,1205.0,2070.0,1962.8728,Understock Risk
2024-08-12,coconut milk,Cloudy,False,True,363,1501.0,2525.0,3741.0,1225.5,252.00638,Overstock Risk
2024-08-12,coconut milk,Cloudy,True,False,1733,363.0,1501.0,513.0,1530.5,1483.9196,Normal
2024-08-12,coconut milk,Rainy,False,False,1836,1733.0,363.0,2525.0,1358.25,1564.4612,Normal
2024-08-12,coconut milk,Rainy,False,True,318,1836.0,1733.0,1501.0,1062.5,271.17706,Normal
2024-08-12,coconut milk,Rainy,True,False,831,318.0,1836.0,363.0,1179.5,856.59485,Normal
2024-08-12,coconut milk,Sunny,False,False,5171,831.0,318.0,1733.0,2039.0,4577.776,Normal
2024-08-12,coconut milk,Sunny,True,False,735,5171.0,831.0,1836.0,1763.75,1062.1758,Understock Risk
2024-08-19,coconut milk,Cloudy,False,False,2875,735.0,5171.0,318.0,2403.0,2652.214,Normal
2024-08-19,coconut milk,Cloudy,False,True,314,2875.0,735.0,831.0,2273.75,745.0547,Understock Risk
2024-08-19,coconut milk,Cloudy,True,False,665,314.0,2875.0,5171.0,1147.25,737.35065,Normal
2024-08-19,coconut milk,Rainy,False,False,1717,665.0,314.0,735.0,1392.75,1708.1001,Normal
2024-08-19,coconut milk,Rainy,True,True,130,1717.0,665.0,2875.0,706.5,394.9879,Understock Risk
2024-08-19,coconut milk,Sunny,False,False,4212,130.0,1717.0,314.0,1681.0,4199.779,Normal
2024-08-19,coconut milk,Sunny,True,False,1471,4212.0,130.0,665.0,1882.5,1596.8433,Normal
2024-08-19,coconut milk,Sunny,True,True,775,1471.0,4212.0,1717.0,1647.0,241.20801,Overstock Risk
2024-08-26,coconut milk,Cloudy,False,False,3376,775.0,1471.0,130.0,2458.5,3207.8362,Normal
2024-08-26,coconut milk,Cloudy,False,True,309,3376.0,775.0,4212.0,1482.75,430.83963,Understock Risk
2024-08-26,coconut milk,Cloudy,True,False,531,309.0,3376.0,1471.0,1247.75,828.83575,Understock Risk
2024-08-26,coconut milk,Rainy,False,False,1056,531.0,309.0,775.0,1318.0,1429.535,Understock Risk
2024-08-26,coconut milk,Rainy,False,True,808,1056.0,531.0,3376.0,676.0,451.5963,Overstock Risk
2024-08-26,coconut milk,Sunny,False,False,5079,808.0,1056.0,309.0,1868.5,4554.846,Normal
2024-08-26,coconut milk,Sunny,True,False,1982,5079.0,808.0,531.0,2231.25,1953.2124,Normal
2024-08-26,coconut milk,Sunny,True,True,565,1982.0,5079.0,1056.0,2108.5,698.2894,Understock Risk
2024-09-02,coconut milk,Cloudy,False,False,3135,565.0,1982.0,808.0,2690.25,3236.8108,Normal
2024-09-02,coconut milk,Cloudy,True,False,1384,3135.0,565.0,5079.0,1766.5,1404.0938,Normal
2024-09-02,coconut milk,Rainy,False,False,1160,1384.0,3135.0,1982.0,1561.0,1052.3568,Normal
2024-09-02,coconut milk,Rainy,False,True,360,1160.0,1384.0,565.0,1509.75,528.0421,Understock Risk
2024-09-02,coconut milk,Rainy,True,False,563,360.0,1160.0,3135.0,866.75,761.10846,Understock Risk
2024-09-02,coconut milk,Sunny,False,False,3570,563.0,360.0,1384.0,1413.25,2915.3806,Normal
2024-09-02,coconut milk,Sunny,False,True,187,3570.0,563.0,1160.0,1170.0,316.22476,Understock Risk
2024-09-02,coconut milk,Sunny,True,False,3323,187.0,3570.0,360.0,1910.75,2211.8384,Overstock Risk
2024-09-02,coconut milk,Sunny,True,True,329,3323.0,187.0,563.0,1852.25,882.6814,Understock Risk
2024-09-09,coconut milk,Cloudy,False,False,2711,329.0,3323.0,3570.0,1637.5,2027.5039,Overstock Risk
2024-09-09,coconut milk,Cloudy,True,False,1337,2711.0,329.0,187.0,1925.0,1235.6344,Normal
2024-09-09,coconut milk,Rainy,False,False,1332,1337.0,2711.0,3323.0,1427.25,957.16095,Overstock Risk
2024-09-09,coconut milk,Rainy,True,False,304,1332.0,1337.0,329.0,1421.0,960.67236,Understock Risk
2024-09-09,coconut milk,Sunny,False,False,2965,304.0,1332.0,2711.0,1484.5,3066.28,Normal
2024-09-09,coconut milk,Sunny,False,True,749,2965.0,304.0,1337.0,1337.5,593.08496,Overstock Risk
2024-09-09,coconut milk,Sunny,True,False,2621,749.0,2965.0,1332.0,1659.75,1886.1376,Overstock Risk
2024-09-09,coconut milk,Sunny,True,True,894,2621.0,749.0,304.0,1807.25,680.9078,Overstock Risk
2024-09-16,coconut milk,Cloudy,False,False,1288,894.0,2621.0,2965.0,1388.0,1215.7697,Normal
2024-09-16,coconut milk,Cloudy,False,True,384,1288.0,894.0,749.0,1296.75,473.76086,Understock Risk
2024-09-16,coconut milk,Cloudy,True,False,271,384.0,1288.0,2621.0,709.25,636.97107,Understock Risk
2024-09-16,coconut milk,Rainy,False,False,924,271.0,384.0,894.0,716.75,978.6345,Normal
2024-09-16,coconut milk,Rainy,False,True,104,924.0,271.0,1288.0,420.75,7.539627,Overstock Risk
2024-09-16,coconut milk,Sunny,False,False,2610,104.0,924.0,384.0,977.25,2389.9473,Normal
2024-09-16,coconut milk,Sunny,False,True,343,2610.0,104.0,271.0,995.25,282.93854,Normal
2024-09-16,coconut milk,Sunny,True,False,372,343.0,2610.0,924.0,857.25,440.325,Normal
2024-09-23,coconut milk,Cloudy,False,False,2609,372.0,343.0,104.0,1483.5,2190.6453,Normal
2024-09-23,coconut milk,Cloudy,True,False,128,2609.0,372.0,2610.0,863.0,618.79785,Understock Risk
2024-09-23,coconut milk,Rainy,False,False,939,128.0,2609.0,343.0,1012.0,848.5234,Normal
2024-09-23,coconut milk,Rainy,True,False,1295,939.0,128.0,372.0,1242.75,1119.0549,Normal
2024-09-23,coconut milk,Sunny,False,False,3832,1295.0,939.0,2609.0,1548.5,3483.5823,Normal
2024-09-23,coconut milk,Sunny,False,True,110,3832.0,1295.0,128.0,1544.0,274.87436,Understock Risk
2024-09-23,coconut milk,Sunny,True,False,660,110.0,3832.0,939.0,1474.25,1190.6514,Understock Risk
2024-09-30,coconut milk,Cloudy,False,False,2291,660.0,110.0,1295.0,1723.25,2593.4202,Normal
2024-09-30,coconut milk,Cloudy,True,False,137,2291.0,660.0,3832.0,799.5,704.47186,Understock Risk
2024-09-30,coconut milk,Rainy,False,False,1093,137.0,2291.0,110.0,1045.25,1101.4442,Normal
2024-09-30,coconut milk,Rainy,False,True,343,1093.0,137.0,660.0,966.0,320.3579,Normal
2024-09-30,coconut milk,Rainy,True,False,710,343.0,1093.0,2291.0,570.75,546.78107,Overstock Risk
2024-09-30,coconut milk,Sunny,False,False,2305,710.0,343.0,137.0,1112.75,2303.899,Normal
2024-09-30,coconut milk,Sunny,True,False,1449,2305.0,710.0,1093.0,1201.75,1074.2831,Overstock Risk
2024-10-07,coconut milk,Cloudy,False,False,2008,1449.0,2305.0,343.0,1618.0,1876.9938,Normal
2024-10-07,coconut milk,Cloudy,True,False,2211,2008.0,1449.0,710.0,1993.25,1563.9984,Overstock Risk
2024-10-07,coconut milk,Rainy,False,False,3034,2211.0,2008.0,2305.0,2175.5,1931.025,Overstock Risk
2024-10-07,coconut milk,Rainy,True,False,988,3034.0,2211.0,1449.0,2060.25,1058.1504,Normal
2024-10-07,coconut milk,Sunny,False,False,5436,988.0,3034.0,2008.0,2917.25,6034.8555,Normal
2024-10-07,coconut milk,Sunny,False,True,0,5436.0,988.0,2211.0,2364.5,569.5161,Understock Risk
2024-10-07,coconut milk,Sunny,True,False,1346,0.0,5436.0,3034.0,1942.5,1274.1234,Normal
2024-10-14,coconut milk,Cloudy,False,False,1986,1346.0,0.0,988.0,2192.0,2672.4126,Understock Risk
2024-10-14,coconut milk,Cloudy,True,False,1414,1986.0,1346.0,5436.0,1186.5,1052.157,Overstock Risk
2024-10-14,coconut milk,Cloudy,True,True,603,1414.0,1986.0,0.0,1337.25,467.58823,Overstock Risk
2024-10-14,coconut milk,Rainy,False,False,1130,603.0,1414.0,1346.0,1283.25,1263.5233,Normal
2024-10-14,coconut milk,Rainy,False,True,242,1130.0,603.0,1986.0,847.25,392.3858,Understock Risk
2024-10-14,coconut milk,Rainy,True,False,556,242.0,1130.0,1414.0,632.75,731.08136,Understock Risk
2024-10-14,coconut milk,Sunny,False,False,3443,556.0,242.0,603.0,1342.75,3177.4548,Normal
2024-10-14,coconut milk,Sunny,True,False,2075,3443.0,556.0,1130.0,1579.0,1417.757,Overstock Risk
2024-10-21,coconut milk,Cloudy,False,False,3255,2075.0,3443.0,242.0,2332.25,2430.084,Overstock Risk
2024-10-21,coconut milk,Cloudy,False,True,651,3255.0,2075.0,556.0,2356.0,368.24246,Overstock Risk
2024-10-21,coconut milk,Cloudy,True,False,1567,651.0,3255.0,3443.0,1887.0,1444.0206,Normal
2024-10-21,coconut milk,Rainy,False,False,2038,1567.0,651.0,2075.0,1877.75,1799.5283,Normal
2024-10-21,coconut milk,Sunny,False,False,2606,2038.0,1567.0,3255.0,1715.5,2683.477,Normal
2024-10-21,coconut milk,Sunny,False,True,149,2606.0,2038.0,651.0,1590.0,571.9545,Understock Risk
2024-10-21,coconut milk,Sunny,True,False,1346,149.0,2606.0,1567.0,1534.75,1729.7858,Understock Risk
2024-10-28,coconut milk,Cloudy,False,False,2197,1346.0,149.0,2038.0,1574.5,2113.8372,Normal
2024-10-28,coconut milk,Cloudy,True,False,599,2197.0,1346.0,2606.0,1072.75,785.6283,Understock Risk
2024-10-28,coconut milk,Rainy,False,False,1437,599.0,2197.0,149.0,1394.75,1340.9352,Normal
2024-10-28,coconut milk,Rainy,True,False,1527,1437.0,599.0,1346.0,1440.0,1197.8882,Overstock Risk
2024-10-28,coconut milk,Sunny,False,False,4413,1527.0,1437.0,2197.0,1994.0,3814.5486,Normal
2024-10-28,coconut milk,Sunny,False,True,600,4413.0,1527.0,599.0,1994.25,543.744,Normal
2024-10-28,coconut milk,Sunny,True,True,595,600.0,4413.0,1437.0,1783.75,926.40454,Understock Risk
2024-11-04,coconut milk,Cloudy,False,False,2353,595.0,600.0,1527.0,1990.25,2797.0024,Normal
2024-11-04,coconut milk,Cloudy,False,True,593,2353.0,595.0,4413.0,1035.25,420.1566,Overstock Risk
2024-11-04,coconut milk,Cloudy,True,False,1093,593.0,2353.0,600.0,1158.5,792.2669,Overstock Risk
2024-11-04,coconut milk,Rainy,False,False,1728,1093.0,593.0,595.0,1441.75,1527.8613,Normal
2024-11-04,coconut milk,Rainy,False,True,162,1728.0,1093.0,2353.0,894.0,262.51837,Understock Risk
2024-11-04,coconut milk,Rainy,True,False,380,162.0,1728.0,593.0,840.75,653.8406,Understock Risk
2024-11-04,coconut milk,Sunny,False,False,3392,380.0,162.0,1093.0,1415.5,3191.6345,Normal
2024-11-04,coconut milk,Sunny,False,True,489,3392.0,380.0,1728.0,1105.75,285.0922,Overstock Risk
2024-11-04,coconut milk,Sunny,True,False,2947,489.0,3392.0,162.0,1802.0,1777.8695,Overstock Risk
2024-11-04,coconut milk,Sunny,True,True,674,2947.0,489.0,380.0,1875.5,879.2397,Understock Risk
2024-11-11,coconut milk,Cloudy,False,False,2631,674.0,2947.0,3392.0,1685.25,1940.1367,Overstock Risk
2024-11-11,coconut milk,Cloudy,False,True,328,2631.0,674.0,489.0,1645.0,463.80728,Understock Risk
2024-11-11,coconut milk,Cloudy,True,False,1024,328.0,2631.0,2947.0,1164.25,666.7806,Overstock Risk
2024-11-11,coconut milk,Rainy,False,False,1227,1024.0,328.0,674.0,1302.5,1303.9397,Normal
2024-11-11,coconut milk,Rainy,True,False,321,1227.0,1024.0,2631.0,725.0,654.12897,Understock Risk
2024-11-11,coconut milk,Rainy,True,True,646,321.0,1227.0,328.0,804.5,513.24756,Overstock Risk
2024-11-11,coconut milk,Sunny,False,False,5118,646.0,321.0,1024.0,1828.0,3487.1487,Overstock Risk
2024-11-11,coconut milk,Sunny,False,True,937,5118.0,646.0,1227.0,1755.5,309.03674,Overstock Risk
2024-11-11,coconut milk,Sunny,True,False,489,937.0,5118.0,321.0,1797.5,1257.1086,Understock Risk
2024-11-18,coconut milk,Cloudy,False,False,1625,489.0,937.0,646.0,2042.25,2648.546,Understock Risk
2024-11-18,coconut milk,Cloudy,True,False,1281,1625.0,489.0,5118.0,1083.0,961.00555,Overstock Risk
2024-11-18,coconut milk,Rainy,False,False,405,1281.0,1625.0,937.0,950.0,623.36475,Understock Risk
2024-11-18,coconut milk,Rainy,False,True,362,405.0,1281.0,489.0,918.25,408.00946,Normal
2024-11-18,coconut milk,Rainy,True,False,339,362.0,405.0,1625.0,596.75,658.739,Understock Risk
2024-11-18,coconut milk,Sunny,False,False,3071,339.0,362.0,1281.0,1044.25,2363.7073,Overstock Risk
2024-11-18,coconut milk,Sunny,True,False,927,3071.0,339.0,405.0,1174.75,1002.20105,Normal
2024-11-25,coconut milk,Cloudy,False,False,1760,927.0,3071.0,362.0,1524.25,1559.8599,Normal
2024-11-25,coconut milk,Cloudy,False,True,151,1760.0,927.0,339.0,1477.25,566.1012,Understock Risk
2024-11-25,coconut milk,Rainy,False,False,1086,151.0,1760.0,3071.0,981.0,1027.9712,Normal
2024-11-25,coconut milk,Sunny,False,False,2332,1086.0,151.0,927.0,1332.25,2751.7822,Normal
2024-11-25,coconut milk,Sunny,True,False,952,2332.0,1086.0,1760.0,1130.25,882.3819,Normal
2024-12-02,coconut milk,Cloudy,False,False,3701,952.0,2332.0,151.0,2017.75,2598.959,Overstock Risk
2024-12-02,coconut milk,Cloudy,False,True,438,3701.0,952.0,1086.0,1855.75,390.14578,Normal
2024-12-02,coconut milk,Cloudy,True,False,1457,438.0,3701.0,2332.0,1637.0,1194.7655,Normal
2024-12-02,coconut milk,Rainy,False,False,2684,1457.0,438.0,952.0,2070.0,1853.3564,Overstock Risk
2024-12-02,coconut milk,Sunny,False,False,5433,2684.0,1457.0,3701.0,2503.0,4553.3867,Normal
2024-12-02,coconut milk,Sunny,False,True,279,5433.0,2684.0,438.0,2463.25,778.9426,Understock Risk
2024-12-02,coconut milk,Sunny,True,False,293,279.0,5433.0,1457.0,2172.25,1569.3247,Understock Risk
2024-12-09,coconut milk,Cloudy,False,False,2532,293.0,279.0,2684.0,2134.25,3446.6536,Understock Risk
2024-12-09,coconut milk,Cloudy,True,False,1792,2532.0,293.0,5433.0,1224.0,1027.9965,Overstock Risk
2024-12-09,coconut milk,Rainy,False,False,493,1792.0,2532.0,279.0,1277.5,721.4565,Understock Risk
2024-12-09,coconut milk,Rainy,False,True,141,493.0,1792.0,293.0,1239.5,666.6967,Understock Risk
2024-12-09,coconut milk,Sunny,False,False,2959,141.0,493.0,2532.0,1346.25,3361.4685,Normal
2024-12-09,coconut milk,Sunny,True,False,395,2959.0,141.0,1792.0,997.0,997.1059,Understock Risk
2024-12-09,coconut milk,Sunny,True,True,422,395.0,2959.0,493.0,979.25,411.40735,Normal
2024-12-16,coconut milk,Cloudy,False,False,2778,422.0,395.0,141.0,1638.5,2420.3372,Normal
2024-12-16,coconut milk,Cloudy,False,True,301,2778.0,422.0,2959.0,974.0,251.97139,Normal
2024-12-16,coconut milk,Cloudy,True,False,479,301.0,2778.0,395.0,995.0,634.0402,Understock Risk
2024-12-16,coconut milk,Rainy,False,False,1894,479.0,301.0,422.0,1363.0,1845.449,Normal
2024-12-16,coconut milk,Sunny,False,False,2632,1894.0,479.0,2778.0,1326.5,2329.609,Normal
2024-12-16,coconut milk,Sunny,False,True,1509,2632.0,1894.0,301.0,1628.5,513.9481,Overstock Risk
2024-12-16,coconut milk,Sunny,True,False,1699,1509.0,2632.0,479.0,1933.5,1571.528,Normal
2024-12-23,coconut milk,Cloudy,False,False,3189,1699.0,1509.0,1894.0,2257.25,2662.8987,Normal
2024-12-23,coconut milk,Cloudy,False,True,920,3189.0,1699.0,2632.0,1829.25,473.93893,Overstock Risk
2024-12-23,coconut milk,Cloudy,True,False,430,920.0,3189.0,1509.0,1559.5,1023.32513,Understock Risk
2024-12-23,coconut milk,Rainy,False,False,1091,430.0,920.0,1699.0,1407.5,1605.7439,Understock Risk
2024-12-23,coconut milk,Rainy,False,True,157,1091.0,430.0,3189.0,649.5,418.80493,Understock Risk
2024-12-23,coconut milk,Rainy,True,False,1208,157.0,1091.0,920.0,721.5,704.83765,Overstock Risk
2024-12-23,coconut milk,Sunny,False,False,3859,1208.0,157.0,430.0,1578.75,3892.6736,Normal
2024-12-23,coconut milk,Sunny,False,True,38,3859.0,1208.0,1091.0,1315.5,288.21164,Understock Risk
2024-12-23,coconut milk,Sunny,True,False,3742,38.0,3859.0,157.0,2211.75,2506.9695,Overstock Risk
2024-12-23,coconut milk,Sunny,True,True,167,3742.0,38.0,1208.0,1951.5,711.5268,Understock Risk
2024-12-30,coconut milk,Cloudy,False,False,1325,167.0,3742.0,3859.0,1318.0,1143.3279,Normal
2024-12-30,coconut milk,Cloudy,True,False,718,1325.0,167.0,38.0,1488.0,1673.0886,Understock Risk
2024-12-30,coconut milk,Rainy,False,False,929,718.0,1325.0,3742.0,784.75,919.20355,Normal
2024-12-30,coconut milk,Sunny,False,False,1292,929.0,718.0,167.0,1066.0,2134.2366,Understock Risk
2024-12-30,coconut milk,Sunny,True,False,588,1292.0,929.0,1325.0,881.75,794.3804,Understock Risk
2024-12-30,coconut milk,Sunny,True,True,247,588.0,1292.0,718.0,764.0,264.81622,Normal
2024-01-08,condensed milk,Cloudy,False,True,808,2594.0,6090.0,2467.0,2574.25,790.66345,Normal
2024-01-08,condensed milk,Cloudy,True,True,1224,808.0,2594.0,805.0,2679.0,1268.2231,Normal
2024-01-08,condensed milk,Rainy,False,False,1684,1224.0,808.0,6090.0,1577.5,2003.0648,Normal
2024-01-08,condensed milk,Rainy,True,False,2082,1684.0,1224.0,2594.0,1449.5,1313.6499,Overstock Risk
2024-01-08,condensed milk,Sunny,False,False,4678,2082.0,1684.0,808.0,2417.0,4729.116,Normal
2024-01-08,condensed milk,Sunny,True,False,1545,4678.0,2082.0,1224.0,2497.25,1414.6558,Normal
2024-01-15,condensed milk,Cloudy,False,False,2819,1545.0,4678.0,1684.0,2781.0,2897.8364,Normal
2024-01-15,condensed milk,Cloudy,True,False,3462,2819.0,1545.0,2082.0,3126.0,3244.7168,Normal
2024-01-15,condensed milk,Rainy,False,False,874,3462.0,2819.0,4678.0,2175.0,1323.8722,Understock Risk
2024-01-15,condensed milk,Sunny,False,False,4139,874.0,3462.0,1545.0,2823.5,4885.919,Normal
2024-01-15,condensed milk,Sunny,False,True,883,4139.0,874.0,2819.0,2339.5,1023.82074,Normal
2024-01-15,condensed milk,Sunny,True,False,1954,883.0,4139.0,3462.0,1962.5,1381.7772,Overstock Risk
2024-01-22,condensed milk,Cloudy,False,False,1652,1954.0,883.0,874.0,2157.0,2044.3948,Understock Risk
2024-01-22,condensed milk,Rainy,False,False,1315,1652.0,1954.0,4139.0,1451.0,1125.4158,Normal
2024-01-22,condensed milk,Sunny,False,False,4244,1315.0,1652.0,883.0,2291.25,4939.7803,Normal
2024-01-22,condensed milk,Sunny,False,True,677,4244.0,1315.0,1954.0,1972.0,603.0115,Normal
2024-01-29,condensed milk,Cloudy,False,False,2097,677.0,4244.0,1652.0,2083.25,2157.446,Normal
2024-01-29,condensed milk,Cloudy,True,False,840,2097.0,677.0,1315.0,1964.5,937.2415,Normal
2024-01-29,condensed milk,Rainy,False,False,1297,840.0,2097.0,4244.0,1227.75,1044.6284,Normal
2024-01-29,condensed milk,Sunny,False,False,3898,1297.0,840.0,677.0,2033.0,4202.505,Normal
2024-01-29,condensed milk,Sunny,False,True,511,3898.0,1297.0,2097.0,1636.5,554.14636,Normal
2024-01-29,condensed milk,Sunny,True,False,2331,511.0,3898.0,840.0,2009.25,2098.5981,Normal
2024-02-05,condensed milk,Cloudy,False,False,1183,2331.0,511.0,1297.0,1980.75,1908.0785,Understock Risk
2024-02-05,condensed milk,Rainy,False,False,637,1183.0,2331.0,3898.0,1165.5,908.7975,Understock Risk
2024-02-05,condensed milk,Rainy,True,False,2529,637.0,1183.0,511.0,1670.0,1939.0885,Overstock Risk
2024-02-05,condensed milk,Sunny,False,False,4626,2529.0,637.0,2331.0,2243.75,4187.875,Normal
2024-02-05,condensed milk,Sunny,True,False,1093,4626.0,2529.0,1183.0,2221.25,1255.5803,Normal
2024-02-05,condensed milk,Sunny,True,True,953,1093.0,4626.0,637.0,2300.25,1107.4022,Normal
2024-02-12,condensed milk,Cloudy,False,False,3183,953.0,1093.0,2529.0,2463.75,3174.7627,Normal
2024-02-12,condensed milk,Cloudy,True,False,700,3183.0,953.0,4626.0,1482.25,970.6805,Understock Risk
2024-02-12,condensed milk,Rainy,False,False,1189,700.0,3183.0,1093.0,1506.25,1336.3594,Normal
2024-02-12,condensed milk,Rainy,True,False,698,1189.0,700.0,953.0,1442.5,1071.6776,Understock Risk
2024-02-12,condensed milk,Sunny,False,False,3916,698.0,1189.0,3183.0,1625.75,3379.6006,Normal
2024-02-12,condensed milk,Sunny,True,False,3006,3916.0,698.0,700.0,2202.25,2385.1235,Overstock Risk
2024-02-19,condensed milk,Cloudy,False,False,4008,3006.0,3916.0,1189.0,2907.0,3568.1694,Normal
2024-02-19,condensed milk,Cloudy,True,False,689,4008.0,3006.0,698.0,2904.75,1155.933,Understock Risk
2024-02-19,condensed milk,Rainy,False,False,2415,689.0,4008.0,3916.0,2529.5,2326.4104,Normal
2024-02-19,condensed milk,Sunny,False,False,3428,2415.0,689.0,3006.0,2635.0,4354.268,Understock Risk
2024-02-19,condensed milk,Sunny,True,False,2256,3428.0,2415.0,4008.0,2197.0,1898.652,Normal
2024-02-26,condensed milk,Cloudy,False,False,3648,2256.0,3428.0,689.0,2936.75,3322.5125,Normal
2024-02-26,condensed milk,Cloudy,True,False,781,3648.0,2256.0,2415.0,2528.25,1205.9569,Understock Risk
2024-02-26,condensed milk,Rainy,False,False,1068,781.0,3648.0,3428.0,1938.25,1428.7866,Understock Risk
2024-02-26,condensed milk,Rainy,True,False,799,1068.0,781.0,2256.0,1574.0,1395.5414,Understock Risk
2024-02-26,condensed milk,Sunny,False,False,2920,799.0,1068.0,3648.0,1392.0,2811.4202,Normal
2024-02-26,condensed milk,Sunny,True,False,2645,2920.0,799.0,781.0,1858.0,2091.194,Overstock Risk
2024-03-04,condensed milk,Cloudy,False,False,2678,2645.0,2920.0,1068.0,2260.5,2241.568,Normal
2024-03-04,condensed milk,Cloudy,True,False,610,2678.0,2645.0,799.0,2213.25,1118.5249,Understock Risk
2024-03-04,condensed milk,Rainy,False,False,3669,610.0,2678.0,2920.0,2400.5,2690.029,Overstock Risk
2024-03-04,condensed milk,Rainy,True,False,2371,3669.0,610.0,2645.0,2332.0,1909.3945,Normal
2024-03-04,condensed milk,Sunny,False,False,2458,2371.0,3669.0,2678.0,2277.0,2699.3596,Normal
2024-03-04,condensed milk,Sunny,False,True,836,2458.0,2371.0,610.0,2333.5,1243.6553,Understock Risk
2024-03-04,condensed milk,Sunny,True,False,456,836.0,2458.0,3669.0,1530.25,1341.46,Understock Risk
2024-03-04,condensed milk,Sunny,True,True,1190,456.0,836.0,2371.0,1235.0,1287.382,Normal
2024-03-11,condensed milk,Cloudy,False,False,1911,1190.0,456.0,2458.0,1098.25,1744.0698,Normal
2024-03-11,condensed milk,Cloudy,True,False,1136,1911.0,1190.0,836.0,1173.25,974.8352,Normal
2024-03-11,condensed milk,Rainy,False,False,383,1136.0,1911.0,456.0,1155.0,690.1781,Understock Risk
2024-03-11,condensed milk,Rainy,True,False,860,383.0,1136.0,1190.0,1072.5,949.2174,Normal
2024-03-11,condensed milk,Rainy,True,True,895,860.0,383.0,1911.0,818.5,663.96014,Overstock Risk
2024-03-11,condensed milk,Sunny,False,False,6924,895.0,860.0,1136.0,2265.5,5562.4736,Normal
2024-03-11,condensed milk,Sunny,True,False,2170,6924.0,895.0,383.0,2712.25,1958.8551,Normal
2024-03-18,condensed milk,Cloudy,False,False,1610,2170.0,6924.0,860.0,2899.75,1816.8329,Normal
2024-03-18,condensed milk,Cloudy,True,False,885,1610.0,2170.0,895.0,2897.25,1240.358,Understock Risk
2024-03-18,condensed milk,Rainy,False,False,1575,885.0,1610.0,6924.0,1560.0,1960.5004,Understock Risk
2024-03-18,condensed milk,Sunny,False,False,3606,1575.0,885.0,2170.0,1919.0,3387.0193,Normal
2024-03-18,condensed milk,Sunny,True,False,1924,3606.0,1575.0,1610.0,1997.5,1652.1332,Normal
2024-03-25,condensed milk,Cloudy,False,False,3078,1924.0,3606.0,885.0,2545.75,2781.689,Normal
2024-03-25,condensed milk,Cloudy,True,False,1884,3078.0,1924.0,1575.0,2623.0,1330.408,Overstock Risk
2024-03-25,condensed milk,Rainy,False,False,824,1884.0,3078.0,3606.0,1927.5,1375.206,Understock Risk
2024-03-25,condensed milk,Rainy,True,False,587,824.0,1884.0,1924.0,1593.25,1196.5297,Understock Risk
2024-03-25,condensed milk,Sunny,False,False,2821,587.0,824.0,3078.0,1529.0,3146.6646,Normal
2024-03-25,condensed milk,Sunny,True,False,1832,2821.0,587.0,1884.0,1516.0,1579.3732,Normal
2024-04-01,condensed milk,Cloudy,False,False,2296,1832.0,2821.0,824.0,1884.0,2104.7722,Normal
2024-04-01,condensed milk,Cloudy,True,False,859,2296.0,1832.0,587.0,1952.0,931.7432,Normal
2024-04-01,condensed milk,Rainy,False,False,1722,859.0,2296.0,2821.0,1677.25,1756.1139,Normal
2024-04-01,condensed milk,Rainy,True,False,1556,1722.0,859.0,1832.0,1608.25,1490.6094,Normal
2024-04-01,condensed milk,Sunny,False,False,3297,1556.0,1722.0,2296.0,1858.5,3337.9363,Normal
2024-04-01,condensed milk,Sunny,True,False,5729,3297.0,1556.0,859.0,3076.0,5221.5713,Normal
2024-04-08,condensed milk,Cloudy,False,False,5098,5729.0,3297.0,1722.0,3920.0,4810.4155,Normal
2024-04-08,condensed milk,Cloudy,False,True,458,5098.0,5729.0,1556.0,3645.5,681.8548,Understock Risk
2024-04-08,condensed milk,Cloudy,True,False,682,458.0,5098.0,3297.0,2991.75,881.9483,Understock Risk
2024-04-08,condensed milk,Rainy,False,False,959,682.0,458.0,5729.0,1799.25,1793.6073,Understock Risk
2024-04-08,condensed milk,Sunny,False,False,5770,959.0,682.0,5098.0,1967.25,4699.725,Normal
2024-04-08,condensed milk,Sunny,True,False,994,5770.0,959.0,458.0,2101.25,1189.4183,Normal
2024-04-15,condensed milk,Cloudy,False,False,2769,994.0,5770.0,682.0,2623.0,2623.3013,Normal
2024-04-15,condensed milk,Cloudy,True,False,770,2769.0,994.0,959.0,2575.75,1194.1149,Understock Risk
2024-04-15,condensed milk,Rainy,False,False,926,770.0,2769.0,5770.0,1364.75,1040.6486,Normal
2024-04-15,condensed milk,Rainy,True,False,719,926.0,770.0,994.0,1296.0,868.156,Understock Risk
2024-04-15,condensed milk,Sunny,False,False,3371,719.0,926.0,2769.0,1446.5,2864.2856,Normal
2024-04-15,condensed milk,Sunny,False,True,718,3371.0,719.0,770.0,1433.5,694.34845,Normal
2024-04-15,condensed milk,Sunny,True,False,873,718.0,3371.0,926.0,1420.25,1049.0906,Understock Risk
2024-04-22,condensed milk,Cloudy,False,False,2190,873.0,718.0,719.0,1788.0,2444.1997,Normal
2024-04-22,condensed milk,Cloudy,True,False,630,2190.0,873.0,3371.0,1102.75,719.78906,Normal
2024-04-22,condensed milk,Rainy,False,False,2693,630.0,2190.0,718.0,1596.5,1837.0183,Overstock Risk
2024-04-22,condensed milk,Rainy,True,False,836,2693.0,630.0,873.0,1587.25,1096.0112,Understock Risk
2024-04-22,condensed milk,Sunny,False,False,4488,836.0,2693.0,2190.0,2161.75,3956.6616,Normal
2024-04-22,condensed milk,Sunny,False,True,659,4488.0,836.0,630.0,2169.0,629.3774,Normal
2024-04-22,condensed milk,Sunny,True,False,1327,659.0,4488.0,2693.0,1827.5,1008.3963,Overstock Risk
2024-04-29,condensed milk,Cloudy,False,False,2853,1327.0,659.0,836.0,2331.75,2670.8071,Normal
2024-04-29,condensed milk,Rainy,False,False,1901,2853.0,1327.0,4488.0,1685.0,1606.7588,Normal
2024-04-29,condensed milk,Sunny,False,False,6187,1901.0,2853.0,659.0,3067.0,6065.3994,Normal
2024-04-29,condensed milk,Sunny,False,True,784,6187.0,1901.0,1327.0,2931.25,806.7844,Normal
2024-04-29,condensed milk,Sunny,True,False,1908,784.0,6187.0,2853.0,2695.0,1844.0741,Normal
2024-05-06,condensed milk,Cloudy,False,False,1572,1908.0,784.0,1901.0,2612.75,2518.2488,Understock Risk
2024-05-06,condensed milk,Cloudy,False,True,769,1572.0,1908.0,6187.0,1258.25,756.1311,Normal
2024-05-06,condensed milk,Rainy,False,False,443,769.0,1572.0,784.0,1173.0,907.0514,Understock Risk
2024-05-06,condensed milk,Sunny,False,False,5208,443.0,769.0,1908.0,1998.0,4539.907,Normal
2024-05-13,condensed milk,Cloudy,False,False,3225,5208.0,443.0,1572.0,2411.25,2733.703,Normal
2024-05-13,condensed milk,Cloudy,True,False,1695,3225.0,5208.0,769.0,2642.75,1388.5234,Normal
2024-05-13,condensed milk,Rainy,False,False,2560,1695.0,3225.0,443.0,3172.0,2463.4355,Normal
2024-05-13,condensed milk,Rainy,False,True,639,2560.0,1695.0,5208.0,2029.75,1019.22797,Understock Risk
2024-05-13,condensed milk,Rainy,True,False,1862,639.0,2560.0,3225.0,1689.0,1557.7502,Normal
2024-05-13,condensed milk,Sunny,False,False,7514,1862.0,639.0,1695.0,3143.75,7604.6436,Normal
2024-05-13,condensed milk,Sunny,True,False,953,7514.0,1862.0,2560.0,2742.0,931.66675,Normal
2024-05-20,condensed milk,Cloudy,False,False,574,953.0,7514.0,639.0,2725.75,1186.4905,Understock Risk
2024-05-20,condensed milk,Rainy,False,False,1900,574.0,953.0,1862.0,2735.25,2488.3318,Understock Risk
2024-05-20,condensed milk,Sunny,False,False,3749,1900.0,574.0,7514.0,1794.0,3064.903,Normal
2024-05-20,condensed milk,Sunny,True,False,1186,3749.0,1900.0,953.0,1852.25,1255.4106,Normal
2024-05-27,condensed milk,Cloudy,False,False,1766,1186.0,3749.0,574.0,2150.25,1984.7803,Normal
2024-05-27,condensed milk,Rainy,False,False,702,1766.0,1186.0,1900.0,1850.75,1442.2257,Understock Risk
2024-05-27,condensed milk,Sunny,False,False,2484,702.0,1766.0,3749.0,1534.5,2750.287,Normal
2024-05-27,condensed milk,Sunny,True,False,863,2484.0,702.0,1186.0,1453.75,1257.1246,Understock Risk
2024-06-03,condensed milk,Cloudy,False,False,1410,863.0,2484.0,1766.0,1364.75,1383.8043,Normal
2024-06-03,condensed milk,Cloudy,False,True,488,1410.0,863.0,702.0,1311.25,435.07794,Normal
2024-06-03,condensed milk,Cloudy,True,False,1597,488.0,1410.0,2484.0,1089.5,1345.3217,Normal
2024-06-03,condensed milk,Rainy,False,False,698,1597.0,488.0,863.0,1048.25,932.84784,Understock Risk
2024-06-03,condensed milk,Rainy,True,False,954,698.0,1597.0,1410.0,934.25,846.4894,Normal
2024-06-03,condensed milk,Sunny,False,False,3159,954.0,698.0,488.0,1602.0,3281.7507,Normal
2024-06-03,condensed milk,Sunny,False,True,642,3159.0,954.0,1597.0,1363.25,526.0538,Normal
2024-06-03,condensed milk,Sunny,True,False,1517,642.0,3159.0,698.0,1568.0,1569.0863,Normal
2024-06-10,condensed milk,Cloudy,False,False,1193,1517.0,642.0,954.0,1627.75,1740.7179,Understock Risk
2024-06-10,condensed milk,Cloudy,True,False,2772,1193.0,1517.0,3159.0,1531.0,1931.0884,Overstock Risk
2024-06-10,condensed milk,Rainy,False,False,473,2772.0,1193.0,642.0,1488.75,896.432,Understock Risk
2024-06-10,condensed milk,Sunny,False,False,6699,473.0,2772.0,1517.0,2784.25,6409.9395,Normal
2024-06-10,condensed milk,Sunny,True,True,1143,6699.0,473.0,1193.0,2771.75,1024.1714,Normal
2024-06-17,condensed milk,Cloudy,False,False,934,1143.0,6699.0,2772.0,2312.25,903.82294,Normal
2024-06-17,condensed milk,Rainy,False,False,1842,934.0,1143.0,473.0,2654.5,2128.8315,Normal
2024-06-17,condensed milk,Sunny,False,False,3509,1842.0,934.0,6699.0,1857.0,3575.3047,Normal
2024-06-17,condensed milk,Sunny,False,True,548,3509.0,1842.0,1143.0,1708.25,425.92383,Overstock Risk
2024-06-17,condensed milk,Sunny,True,False,1135,548.0,3509.0,934.0,1758.5,1460.2957,Understock Risk
2024-06-24,condensed milk,Cloudy,False,False,2254,1135.0,548.0,1842.0,1861.5,2513.9011,Normal
2024-06-24,condensed milk,Rainy,False,False,855,2254.0,1135.0,3509.0,1198.0,1035.6067,Understock Risk
2024-06-24,condensed milk,Rainy,True,False,601,855.0,2254.0,548.0,1211.25,641.5833,Normal
2024-06-24,condensed milk,Sunny,False,False,4004,601.0,855.0,1135.0,1928.5,4649.4575,Normal
2024-06-24,condensed milk,Sunny,True,False,982,4004.0,601.0,2254.0,1610.5,1229.508,Understock Risk
2024-07-01,condensed milk,Cloudy,False,False,1606,982.0,4004.0,855.0,1798.25,1841.3236,Normal
2024-07-01,condensed milk,Cloudy,False,True,377,1606.0,982.0,601.0,1742.25,539.34424,Understock Risk
2024-07-01,condensed milk,Cloudy,True,False,2023,377.0,1606.0,4004.0,1247.0,1407.7534,Overstock Risk
2024-07-01,condensed milk,Rainy,False,False,2273,2023.0,377.0,982.0,1569.75,1654.9238,Overstock Risk
2024-07-01,condensed milk,Rainy,False,True,631,2273.0,2023.0,1606.0,1326.0,543.57336,Normal
2024-07-01,condensed milk,Sunny,False,False,3688,631.0,2273.0,377.0,2153.75,4172.6743,Normal
2024-07-01,condensed milk,Sunny,True,False,2940,3688.0,631.0,2023.0,2383.0,2622.868,Normal
2024-07-08,condensed milk,Cloudy,False,False,3658,2940.0,3688.0,2273.0,2729.25,3197.3308,Normal
2024-07-08,condensed milk,Cloudy,True,False,2585,3658.0,2940.0,631.0,3217.75,2261.586,Normal
2024-07-08,condensed milk,Rainy,False,False,1881,2585.0,3658.0,3688.0,2766.0,1899.8517,Normal
2024-07-08,condensed milk,Sunny,False,False,4058,1881.0,2585.0,2940.0,3045.5,5100.275,Understock Risk
2024-07-08,condensed milk,Sunny,True,False,1165,4058.0,1881.0,3658.0,2422.25,1460.25,Understock Risk
2024-07-15,condensed milk,Cloudy,False,False,1233,1165.0,4058.0,2585.0,2084.25,1793.0093,Understock Risk
2024-07-15,condensed milk,Cloudy,True,False,2208,1233.0,1165.0,1881.0,2166.0,1901.8418,Normal
2024-07-15,condensed milk,Cloudy,True,True,931,2208.0,1233.0,4058.0,1384.25,972.2297,Normal
2024-07-15,condensed milk,Rainy,False,False,1483,931.0,2208.0,1165.0,1463.75,1305.535,Normal
2024-07-15,condensed milk,Sunny,False,False,3220,1483.0,931.0,1233.0,1960.5,3414.7332,Normal
2024-07-15,condensed milk,Sunny,False,True,939,3220.0,1483.0,2208.0,1643.25,705.1263,Overstock Risk
2024-07-15,condensed milk,Sunny,True,False,1866,939.0,3220.0,931.0,1877.0,1695.137,Normal
2024-07-22,condensed milk,Cloudy,False,False,3476,1866.0,939.0,1483.0,2375.25,2880.354,Normal
2024-07-22,condensed milk,Rainy,False,False,331,3476.0,1866.0,3220.0,1653.0,844.9381,Understock Risk
2024-07-22,condensed milk,Rainy,True,False,777,331.0,3476.0,939.0,1612.5,953.9307,Understock Risk
2024-07-22,condensed milk,Sunny,False,False,6151,777.0,331.0,1866.0,2683.75,6061.243,Normal
2024-07-22,condensed milk,Sunny,False,True,885,6151.0,777.0,3476.0,2036.0,674.5098,Overstock Risk
2024-07-22,condensed milk,Sunny,True,False,1605,885.0,6151.0,331.0,2354.5,1699.7943,Normal
2024-07-29,condensed milk,Cloudy,False,False,694,1605.0,885.0,777.0,2333.75,1726.1353,Understock Risk
2024-07-29,condensed milk,Cloudy,True,False,1245,694.0,1605.0,6151.0,1107.25,1009.1159,Normal
2024-07-29,condensed milk,Rainy,False,False,2179,1245.0,694.0,885.0,1430.75,1544.805,Overstock Risk
2024-07-29,condensed milk,Sunny,False,False,976,2179.0,1245.0,1605.0,1273.5,1662.3577,Understock Risk
2024-08-05,condensed milk,Cloudy,False,False,2857,976.0,2179.0,694.0,1814.25,2185.9019,Overstock Risk
2024-08-05,condensed milk,Cloudy,True,False,1526,2857.0,976.0,1245.0,1884.5,1348.8473,Normal
2024-08-05,condensed milk,Rainy,False,False,945,1526.0,2857.0,2179.0,1576.0,1132.12,Normal
2024-08-05,condensed milk,Rainy,False,True,1275,945.0,1526.0,976.0,1650.75,1184.2189,Normal
2024-08-05,condensed milk,Sunny,False,False,5120,1275.0,945.0,2857.0,2216.5,5278.5303,Normal
2024-08-05,condensed milk,Sunny,True,False,1763,5120.0,1275.0,1526.0,2275.75,1515.2512,Normal
2024-08-05,condensed milk,Sunny,True,True,1352,1763.0,5120.0,945.0,2377.5,1063.6947,Overstock Risk
2024-08-12,condensed milk,Cloudy,False,False,2594,1352.0,1763.0,1275.0,2707.25,3007.395,Normal
2024-08-12,condensed milk,Cloudy,True,False,1876,2594.0,1352.0,5120.0,1896.25,1603.4742,Normal
2024-08-12,condensed milk,Rainy,False,False,3292,1876.0,2594.0,1763.0,2278.5,2351.1272,Overstock Risk
2024-08-12,condensed milk,Sunny,False,False,4795,3292.0,1876.0,1352.0,3139.25,5693.123,Normal
2024-08-12,condensed milk,Sunny,True,False,3575,4795.0,3292.0,2594.0,3384.5,3305.4048,Normal
2024-08-19,condensed milk,Cloudy,False,False,4100,3575.0,4795.0,1876.0,3940.5,4446.537,Normal
2024-08-19,condensed milk,Cloudy,True,False,754,4100.0,3575.0,3292.0,3306.0,1166.0687,Understock Risk
2024-08-19,condensed milk,Rainy,False,False,1018,754.0,4100.0,4795.0,2361.75,1607.6241,Understock Risk
2024-08-19,condensed milk,Sunny,False,False,3345,1018.0,754.0,3575.0,2304.25,4627.8613,Understock Risk
2024-08-19,condensed milk,Sunny,True,False,2051,3345.0,1018.0,4100.0,1792.0,1618.4869,Overstock Risk
2024-08-26,condensed milk,Cloudy,False,False,1653,2051.0,3345.0,754.0,2016.75,2067.05,Understock Risk
2024-08-26,condensed milk,Cloudy,True,True,1075,1653.0,2051.0,1018.0,2031.0,920.40765,Normal
2024-08-26,condensed milk,Rainy,False,False,3554,1075.0,1653.0,3345.0,2083.25,2800.3394,Overstock Risk
2024-08-26,condensed milk,Sunny,False,False,2083,3554.0,1075.0,2051.0,2091.25,2785.406,Understock Risk
2024-08-26,condensed milk,Sunny,False,True,2247,2083.0,3554.0,1653.0,2239.75,1788.5261,Overstock Risk
2024-08-26,condensed milk,Sunny,True,False,2344,2247.0,2083.0,1075.0,2557.0,2176.2312,Normal
2024-08-26,condensed milk,Sunny,True,True,1382,2344.0,2247.0,3554.0,2014.0,1087.8507,Overstock Risk
2024-09-02,condensed milk,Cloudy,False,False,2123,1382.0,2344.0,2083.0,2024.0,2378.6643,Normal
2024-09-02,condensed milk,Cloudy,False,True,1417,2123.0,1382.0,2247.0,1816.5,983.1903,Overstock Risk
2024-09-02,condensed milk,Cloudy,True,False,1063,1417.0,2123.0,2344.0,1496.25,1071.6896,Normal
2024-09-02,condensed milk,Rainy,False,False,2108,1063.0,1417.0,1382.0,1677.75,1951.3561,Normal
2024-09-02,condensed milk,Sunny,False,False,7124,2108.0,1063.0,2123.0,2928.0,6622.4204,Normal
2024-09-02,condensed milk,Sunny,True,False,1083,7124.0,2108.0,1417.0,2844.5,1103.1016,Normal
2024-09-09,condensed milk,Cloudy,False,False,2247,1083.0,7124.0,1063.0,3140.5,2274.8557,Normal
2024-09-09,condensed milk,Rainy,False,False,975,2247.0,1083.0,2108.0,2857.25,1961.2035,Understock Risk
2024-09-09,condensed milk,Rainy,True,False,819,975.0,2247.0,7124.0,1281.0,934.7726,Normal
2024-09-09,condensed milk,Sunny,False,False,4325,819.0,975.0,1083.0,2091.5,4417.6934,Normal
2024-09-09,condensed milk,Sunny,True,False,1991,4325.0,819.0,2247.0,2027.5,1786.344,Normal
2024-09-16,condensed milk,Cloudy,False,False,3263,1991.0,4325.0,975.0,2599.5,3020.0156,Normal
2024-09-16,condensed milk,Cloudy,False,True,765,3263.0,1991.0,819.0,2586.0,754.04236,Normal
2024-09-16,condensed milk,Rainy,False,False,2123,765.0,3263.0,4325.0,2035.5,1983.7953,Normal
2024-09-16,condensed milk,Rainy,True,False,1264,2123.0,765.0,1991.0,1853.75,1089.3497,Normal
2024-09-16,condensed milk,Sunny,False,False,7516,1264.0,2123.0,3263.0,2917.0,6971.596,Normal
2024-09-16,condensed milk,Sunny,True,False,2183,7516.0,1264.0,765.0,3271.5,2677.534,Understock Risk
2024-09-23,condensed milk,Cloudy,False,False,1753,2183.0,7516.0,2123.0,3179.0,1791.3893,Normal
2024-09-23,condensed milk,Rainy,False,False,1941,1753.0,2183.0,1264.0,3348.25,1917.0989,Normal
2024-09-23,condensed milk,Rainy,True,False,922,1941.0,1753.0,7516.0,1699.75,1326.8898,Understock Risk
2024-09-23,condensed milk,Sunny,False,False,4141,922.0,1941.0,2183.0,2189.25,4403.986,Normal
2024-09-23,condensed milk,Sunny,True,False,2936,4141.0,922.0,1753.0,2485.0,2181.764,Overstock Risk
2024-09-30,condensed milk,Cloudy,False,False,3217,2936.0,4141.0,1941.0,2804.0,3102.4973,Normal
2024-09-30,condensed milk,Rainy,False,False,1301,3217.0,2936.0,922.0,2898.75,1661.6616,Understock Risk
2024-09-30,condensed milk,Sunny,False,False,4691,1301.0,3217.0,4141.0,3036.25,4748.5503,Normal
2024-09-30,condensed milk,Sunny,False,True,850,4691.0,1301.0,2936.0,2514.75,1004.5426,Normal
2024-09-30,condensed milk,Sunny,True,False,785,850.0,4691.0,3217.0,1906.75,992.3627,Understock Risk
2024-10-07,condensed milk,Cloudy,False,False,2584,785.0,850.0,1301.0,2227.5,3015.079,Normal
2024-10-07,condensed milk,Rainy,False,False,691,2584.0,785.0,4691.0,1227.5,834.0848,Understock Risk
2024-10-07,condensed milk,Rainy,True,False,1666,691.0,2584.0,850.0,1431.5,1205.1714,Overstock Risk
2024-10-07,condensed milk,Sunny,False,False,2662,1666.0,691.0,785.0,1900.75,3364.3582,Understock Risk
2024-10-07,condensed milk,Sunny,False,True,631,2662.0,1666.0,2584.0,1412.5,744.63153,Normal
2024-10-07,condensed milk,Sunny,True,False,1876,631.0,2662.0,691.0,1708.75,1914.0259,Normal
2024-10-14,condensed milk,Cloudy,False,False,5646,1876.0,631.0,1666.0,2703.75,4334.8965,Overstock Risk
2024-10-14,condensed milk,Cloudy,True,False,971,5646.0,1876.0,2662.0,2281.0,943.92334,Normal
2024-10-14,condensed milk,Rainy,False,False,2218,971.0,5646.0,631.0,2677.75,2072.0674,Normal
2024-10-14,condensed milk,Rainy,True,False,1333,2218.0,971.0,1876.0,2542.0,1276.1298,Normal
2024-10-14,condensed milk,Sunny,False,False,6997,1333.0,2218.0,5646.0,2879.75,6790.1055,Normal
2024-10-14,condensed milk,Sunny,False,True,644,6997.0,1333.0,971.0,2798.0,755.8103,Normal
2024-10-21,condensed milk,Cloudy,False,False,1042,644.0,6997.0,2218.0,2504.0,1765.8884,Understock Risk
2024-10-21,condensed milk,Cloudy,False,True,336,1042.0,644.0,1333.0,2254.75,1167.2958,Understock Risk
2024-10-21,condensed milk,Cloudy,True,False,752,336.0,1042.0,6997.0,693.5,841.9189,Normal
2024-10-21,condensed milk,Rainy,False,False,687,752.0,336.0,644.0,704.25,795.88556,Normal
2024-10-21,condensed milk,Rainy,True,False,1910,687.0,752.0,1042.0,921.25,1081.8597,Overstock Risk
2024-10-21,condensed milk,Sunny,False,False,7933,1910.0,687.0,336.0,2820.5,7582.3413,Normal
2024-10-21,condensed milk,Sunny,False,True,1089,7933.0,1910.0,752.0,2904.75,1031.6621,Normal
2024-10-21,condensed milk,Sunny,True,False,4347,1089.0,7933.0,687.0,3819.75,4269.474,Normal
2024-10-28,condensed milk,Cloudy,False,False,2306,4347.0,1089.0,1910.0,3918.75,4296.677,Understock Risk
2024-10-28,condensed milk,Rainy,False,False,3679,2306.0,4347.0,7933.0,2855.25,2326.5676,Overstock Risk
2024-10-28,condensed milk,Sunny,False,False,4097,3679.0,2306.0,1089.0,3607.25,6023.6475,Understock Risk
2024-10-28,condensed milk,Sunny,True,False,2050,4097.0,3679.0,4347.0,3033.0,1625.9854,Overstock Risk
2024-11-04,condensed milk,Cloudy,False,False,3441,2050.0,4097.0,2306.0,3316.75,3613.2634,Normal
2024-11-04,condensed milk,Cloudy,True,False,1617,3441.0,2050.0,3679.0,2801.25,1415.1691,Normal
2024-11-04,condensed milk,Rainy,False,False,1248,1617.0,3441.0,4097.0,2089.0,1577.8043,Understock Risk
2024-11-04,condensed milk,Rainy,False,True,391,1248.0,1617.0,2050.0,1674.25,1355.8169,Understock Risk
2024-11-04,condensed milk,Rainy,True,False,816,391.0,1248.0,3441.0,1018.0,879.23285,Normal
2024-11-04,condensed milk,Sunny,False,False,6986,816.0,391.0,1617.0,2360.25,5094.803,Overstock Risk
2024-11-11,condensed milk,Cloudy,False,False,2419,6986.0,816.0,1248.0,2653.0,1996.3527,Normal
2024-11-11,condensed milk,Cloudy,True,False,760,2419.0,6986.0,391.0,2745.25,712.7592,Normal
2024-11-11,condensed milk,Rainy,False,False,727,760.0,2419.0,816.0,2723.0,2237.3875,Understock Risk
2024-11-11,condensed milk,Sunny,False,False,8311,727.0,760.0,6986.0,3054.25,6527.5396,Overstock Risk
2024-11-11,condensed milk,Sunny,False,True,485,8311.0,727.0,2419.0,2570.75,1024.0173,Understock Risk
2024-11-18,condensed milk,Cloudy,False,False,263,485.0,8311.0,760.0,2446.5,1359.9418,Understock Risk
2024-11-18,condensed milk,Cloudy,False,True,379,263.0,485.0,727.0,2359.5,1917.5558,Understock Risk
2024-11-18,condensed milk,Rainy,False,False,2159,379.0,263.0,8311.0,821.5,1088.6342,Overstock Risk
2024-11-18,condensed milk,Sunny,False,False,6588,2159.0,379.0,485.0,2347.25,4416.6133,Overstock Risk
2024-11-18,condensed milk,Sunny,True,False,2164,6588.0,2159.0,263.0,2822.5,1841.388,Normal
2024-11-25,condensed milk,Cloudy,True,False,1135,2164.0,6588.0,379.0,3011.5,1142.3632,Normal
2024-11-25,condensed milk,Rainy,False,False,1796,1135.0,2164.0,2159.0,2920.75,2811.731,Understock Risk
2024-11-25,condensed milk,Rainy,True,False,463,1796.0,1135.0,6588.0,1389.5,1220.304,Understock Risk
2024-11-25,condensed milk,Sunny,False,False,5713,463.0,1796.0,2164.0,2276.75,4931.155,Normal
2024-11-25,condensed milk,Sunny,True,False,2065,5713.0,463.0,1135.0,2509.25,1670.1974,Normal
2024-12-02,condensed milk,Cloudy,False,False,2525,2065.0,5713.0,1796.0,2691.5,3094.0671,Understock Risk
2024-12-02,condensed milk,Cloudy,True,False,1066,2525.0,2065.0,463.0,2842.25,1332.7173,Understock Risk
2024-12-02,condensed milk,Rainy,False,False,3437,1066.0,2525.0,5713.0,2273.25,2706.799,Overstock Risk
2024-12-02,condensed milk,Sunny,False,False,4224,3437.0,1066.0,2065.0,2813.0,5035.752,Normal
2024-12-02,condensed milk,Sunny,False,True,750,4224.0,3437.0,2525.0,2369.25,738.4942,Normal
2024-12-02,condensed milk,Sunny,True,False,905,750.0,4224.0,1066.0,2329.0,1859.3063,Understock Risk
2024-12-09,condensed milk,Cloudy,False,False,2621,905.0,750.0,3437.0,2125.0,2851.9922,Normal
2024-12-09,condensed milk,Cloudy,True,False,1648,2621.0,905.0,4224.0,1481.0,1129.5742,Overstock Risk
2024-12-09,condensed milk,Rainy,False,False,997,1648.0,2621.0,750.0,1542.75,1104.4885,Normal
2024-12-09,condensed milk,Sunny,False,False,7129,997.0,1648.0,905.0,3098.75,7367.287,Normal
2024-12-09,condensed milk,Sunny,True,False,934,7129.0,997.0,2621.0,2677.0,1584.8933,Understock Risk
2024-12-16,condensed milk,Cloudy,False,False,2142,934.0,7129.0,1648.0,2800.5,2079.8196,Normal
2024-12-16,condensed milk,Cloudy,True,False,813,2142.0,934.0,997.0,2754.5,1684.9979,Understock Risk
2024-12-16,condensed milk,Rainy,False,False,1232,813.0,2142.0,7129.0,1280.25,1253.6711,Normal
2024-12-16,condensed milk,Sunny,False,False,3542,1232.0,813.0,934.0,1932.25,4185.317,Normal
2024-12-16,condensed milk,Sunny,False,True,854,3542.0,1232.0,2142.0,1610.25,480.75165,Overstock Risk
2024-12-16,condensed milk,Sunny,True,False,809,854.0,3542.0,813.0,1609.25,1323.3022,Understock Risk
2024-12-23,condensed milk,Cloudy,False,False,5185,809.0,854.0,1232.0,2597.5,3212.9187,Overstock Risk
2024-12-23,condensed milk,Cloudy,True,False,686,5185.0,809.0,3542.0,1883.5,1005.9155,Understock Risk
2024-12-23,condensed milk,Rainy,False,False,1922,686.0,5185.0,854.0,2150.5,2139.6975,Normal
2024-12-23,condensed milk,Sunny,False,False,5881,1922.0,686.0,809.0,3418.5,8051.83,Understock Risk
2024-12-23,condensed milk,Sunny,False,True,1026,5881.0,1922.0,5185.0,2378.75,574.15265,Overstock Risk
2024-12-23,condensed milk,Sunny,True,False,1878,1026.0,5881.0,686.0,2676.75,2329.8875,Understock Risk
2024-12-30,condensed milk,Cloudy,False,False,2092,1878.0,1026.0,1922.0,2719.25,3290.3418,Understock Risk
2024-12-30,condensed milk,Rainy,False,False,883,2092.0,1878.0,5881.0,1469.75,991.92395,Normal
2024-12-30,condensed milk,Sunny,False,False,1628,883.0,2092.0,1026.0,1620.25,3157.9863,Understock Risk
2024-01-01,egg,Sunny,True,False,2776,6444.0,672.0,1115.0,2772.25,2090.768,Overstock Risk
2024-01-08,egg,Cloudy,False,False,2348,2776.0,6444.0,1197.0,3060.0,2199.3037,Normal
2024-01-08,egg,Rainy,False,False,714,2348.0,2776.0,672.0,3070.5,1504.0865,Understock Risk
2024-01-08,egg,Rainy,True,False,380,714.0,2348.0,6444.0,1554.5,1074.1154,Understock Risk
2024-01-08,egg,Sunny,False,False,1421,380.0,714.0,2776.0,1215.75,2422.5242,Understock Risk
2024-01-08,egg,Sunny,True,False,1148,1421.0,380.0,2348.0,915.75,1023.95526,Normal
2024-01-15,egg,Cloudy,False,False,1901,1148.0,1421.0,714.0,1212.5,1312.803,Overstock Risk
2024-01-15,egg,Cloudy,False,True,674,1901.0,1148.0,380.0,1286.0,578.2865,Normal
2024-01-15,egg,Cloudy,True,False,1480,674.0,1901.0,1421.0,1300.75,1092.5331,Overstock Risk
2024-01-15,egg,Rainy,False,False,683,1480.0,674.0,1148.0,1184.5,1027.8774,Understock Risk
2024-01-15,egg,Rainy,True,False,650,683.0,1480.0,1901.0,871.75,652.08203,Normal
2024-01-15,egg,Sunny,False,False,6088,650.0,683.0,674.0,2225.25,5612.2593,Normal
2024-01-15,egg,Sunny,False,True,905,6088.0,650.0,1480.0,2081.5,574.5135,Overstock Risk
2024-01-15,egg,Sunny,True,False,2244,905.0,6088.0,683.0,2471.75,2123.8267,Normal
2024-01-22,egg,Cloudy,False,False,1012,2244.0,905.0,650.0,2562.25,1896.9536,Understock Risk
2024-01-22,egg,Rainy,False,False,1757,1012.0,2244.0,6088.0,1479.5,1421.484,Normal
2024-01-22,egg,Sunny,False,False,2443,1757.0,1012.0,905.0,1864.0,3206.8477,Understock Risk
2024-01-22,egg,Sunny,False,True,460,2443.0,1757.0,2244.0,1418.0,596.9957,Understock Risk
2024-01-22,egg,Sunny,True,False,2339,460.0,2443.0,1012.0,1749.75,2165.3718,Normal
2024-01-29,egg,Cloudy,False,False,1973,2339.0,460.0,1757.0,1803.75,1810.9965,Normal
2024-01-29,egg,Cloudy,False,True,391,1973.0,2339.0,2443.0,1290.75,479.93234,Understock Risk
2024-01-29,egg,Rainy,False,False,2564,391.0,1973.0,460.0,1816.75,1796.3513,Overstock Risk
2024-01-29,egg,Rainy,True,False,1042,2564.0,391.0,2339.0,1492.5,1195.58,Normal
2024-01-29,egg,Rainy,True,True,687,1042.0,2564.0,1973.0,1171.0,341.50858,Overstock Risk
2024-01-29,egg,Sunny,False,False,2248,687.0,1042.0,391.0,1635.25,3407.5552,Understock Risk
2024-01-29,egg,Sunny,True,False,660,2248.0,687.0,2564.0,1159.25,1015.99084,Understock Risk
2024-02-05,egg,Cloudy,False,False,1225,660.0,2248.0,1042.0,1205.0,1433.4286,Normal
2024-02-05,egg,Cloudy,True,False,1385,1225.0,660.0,687.0,1379.5,1339.2456,Normal
2024-02-05,egg,Rainy,False,False,2574,1385.0,1225.0,2248.0,1461.0,1286.1598,Overstock Risk
2024-02-05,egg,Rainy,False,True,430,2574.0,1385.0,660.0,1403.5,167.48369,Overstock Risk
2024-02-05,egg,Rainy,True,False,1226,430.0,2574.0,1225.0,1403.75,1011.305,Normal
2024-02-05,egg,Sunny,False,False,4524,1226.0,430.0,1385.0,2188.5,4855.2754,Normal
2024-02-05,egg,Sunny,False,True,619,4524.0,1226.0,2574.0,1699.75,580.6032,Normal
2024-02-05,egg,Sunny,True,False,584,619.0,4524.0,430.0,1738.25,1128.6752,Understock Risk
2024-02-12,egg,Cloudy,False,False,2616,584.0,619.0,1226.0,2085.75,2740.032,Normal
2024-02-12,egg,Cloudy,False,True,560,2616.0,584.0,4524.0,1094.75,420.5307,Overstock Risk
2024-02-12,egg,Cloudy,True,False,565,560.0,2616.0,619.0,1081.25,631.61847,Normal
2024-02-12,egg,Rainy,False,False,2308,565.0,560.0,584.0,1512.25,1694.8041,Overstock Risk
2024-02-12,egg,Rainy,True,False,1123,2308.0,565.0,2616.0,1139.0,827.66254,Overstock Risk
2024-02-12,egg,Sunny,False,False,3782,1123.0,2308.0,560.0,1944.5,3989.7324,Normal
2024-02-12,egg,Sunny,True,False,513,3782.0,1123.0,565.0,1931.5,1231.6865,Understock Risk
2024-02-19,egg,Cloudy,False,False,2550,513.0,3782.0,2308.0,1992.0,2347.5767,Normal
2024-02-19,egg,Cloudy,True,False,665,2550.0,513.0,1123.0,1877.5,1048.435,Understock Risk
2024-02-19,egg,Cloudy,True,True,1566,665.0,2550.0,3782.0,1323.5,768.0968,Overstock Risk
2024-02-19,egg,Rainy,False,False,2077,1566.0,665.0,513.0,1714.5,1643.5238,Overstock Risk
2024-02-19,egg,Sunny,False,False,3250,2077.0,1566.0,2550.0,1889.5,3382.1777,Normal
2024-02-19,egg,Sunny,False,True,289,3250.0,2077.0,665.0,1795.5,468.1323,Understock Risk
2024-02-19,egg,Sunny,True,False,1540,289.0,3250.0,1566.0,1789.0,1678.554,Normal
2024-02-26,egg,Cloudy,False,False,2194,1540.0,289.0,2077.0,1818.25,2221.2432,Normal
2024-02-26,egg,Cloudy,True,False,779,2194.0,1540.0,3250.0,1200.5,977.8005,Understock Risk
2024-02-26,egg,Rainy,False,False,1420,779.0,2194.0,289.0,1483.25,1250.7048,Normal
2024-02-26,egg,Rainy,True,False,460,1420.0,779.0,1540.0,1213.25,721.74396,Understock Risk
2024-02-26,egg,Sunny,False,False,1631,460.0,1420.0,2194.0,1072.5,2058.5728,Understock Risk
2024-02-26,egg,Sunny,True,False,1109,1631.0,460.0,779.0,1155.0,1025.2207,Normal
2024-03-04,egg,Cloudy,False,False,421,1109.0,1631.0,1420.0,905.25,1008.9387,Understock Risk
2024-03-04,egg,Cloudy,True,False,747,421.0,1109.0,460.0,977.0,785.48346,Normal
2024-03-04,egg,Rainy,False,False,781,747.0,421.0,1631.0,764.5,766.79724,Normal
2024-03-04,egg,Rainy,True,False,1651,781.0,747.0,1109.0,900.0,749.8642,Overstock Risk
2024-03-04,egg,Sunny,False,False,4760,1651.0,781.0,421.0,1984.75,3948.1587,Normal
2024-03-04,egg,Sunny,True,False,905,4760.0,1651.0,747.0,2024.25,1304.7009,Understock Risk
2024-03-11,egg,Cloudy,False,False,2783,905.0,4760.0,781.0,2524.75,2601.6934,Normal
2024-03-11,egg,Cloudy,False,True,304,2783.0,905.0,1651.0,2188.0,567.1111,Understock Risk
2024-03-11,egg,Rainy,False,False,1328,304.0,2783.0,4760.0,1330.0,1066.8145,Normal
2024-03-11,egg,Rainy,True,False,1553,1328.0,304.0,905.0,1492.0,1356.2485,Normal
2024-03-11,egg,Sunny,False,False,2572,1553.0,1328.0,2783.0,1439.25,2326.0322,Normal
2024-03-11,egg,Sunny,False,True,875,2572.0,1553.0,304.0,1582.0,672.9625,Overstock Risk
2024-03-11,egg,Sunny,True,False,1083,875.0,2572.0,1328.0,1520.75,1403.5177,Understock Risk
2024-03-18,egg,Cloudy,False,False,750,1083.0,875.0,1553.0,1320.0,1432.5474,Understock Risk
2024-03-18,egg,Cloudy,True,False,905,750.0,1083.0,2572.0,903.25,758.50964,Normal
2024-03-18,egg,Cloudy,True,True,720,905.0,750.0,875.0,864.5,671.435,Normal
2024-03-18,egg,Rainy,False,False,937,720.0,905.0,1083.0,828.0,809.51196,Normal
2024-03-18,egg,Rainy,True,False,1204,937.0,720.0,750.0,941.5,730.7406,Overstock Risk
2024-03-18,egg,Sunny,False,False,3220,1204.0,937.0,905.0,1520.25,2997.3274,Normal
2024-03-25,egg,Cloudy,False,False,1535,3220.0,1204.0,720.0,1724.0,1523.4967,Normal
2024-03-25,egg,Rainy,False,False,634,1535.0,3220.0,937.0,1648.25,1118.6499,Understock Risk
2024-03-25,egg,Sunny,False,False,4340,634.0,1535.0,1204.0,2432.25,5533.8374,Understock Risk
2024-03-25,egg,Sunny,True,False,708,4340.0,634.0,3220.0,1804.25,1421.6846,Understock Risk
2024-04-01,egg,Cloudy,False,False,1643,708.0,4340.0,1535.0,1831.25,1357.5035,Normal
2024-04-01,egg,Cloudy,True,False,1037,1643.0,708.0,634.0,1932.0,1280.5338,Understock Risk
2024-04-01,egg,Rainy,False,False,414,1037.0,1643.0,4340.0,950.5,726.7658,Understock Risk
2024-04-01,egg,Sunny,False,False,2062,414.0,1037.0,708.0,1289.0,2504.4155,Understock Risk
2024-04-01,egg,Sunny,False,True,370,2062.0,414.0,1643.0,970.75,419.35605,Normal
2024-04-01,egg,Sunny,True,False,3704,370.0,2062.0,1037.0,1637.5,2605.0903,Overstock Risk
2024-04-08,egg,Cloudy,False,False,2688,3704.0,370.0,414.0,2206.0,2794.911,Normal
2024-04-08,egg,Cloudy,False,True,394,2688.0,3704.0,2062.0,1789.0,397.04053,Normal
2024-04-08,egg,Cloudy,True,False,543,394.0,2688.0,370.0,1832.25,1147.8707,Understock Risk
2024-04-08,egg,Rainy,False,False,1293,543.0,394.0,3704.0,1229.5,1394.2754,Normal
2024-04-08,egg,Sunny,False,False,3227,1293.0,543.0,2688.0,1364.25,2996.2805,Normal
2024-04-08,egg,Sunny,False,True,167,3227.0,1293.0,394.0,1307.5,302.91635,Understock Risk
2024-04-15,egg,Cloudy,False,False,2446,167.0,3227.0,543.0,1783.25,2273.7239,Normal
2024-04-15,egg,Cloudy,True,False,1878,2446.0,167.0,1293.0,1929.5,1350.5896,Overstock Risk
2024-04-15,egg,Rainy,False,False,945,1878.0,2446.0,3227.0,1359.0,1033.8464,Normal
2024-04-15,egg,Rainy,True,False,599,945.0,1878.0,167.0,1467.0,736.63416,Understock Risk
2024-04-15,egg,Sunny,False,False,5642,599.0,945.0,2446.0,2266.0,5500.424,Normal
2024-04-15,egg,Sunny,False,True,521,5642.0,599.0,1878.0,1926.75,323.55222,Overstock Risk
2024-04-15,egg,Sunny,True,False,1188,521.0,5642.0,945.0,1987.5,1487.8964,Understock Risk
2024-04-22,egg,Cloudy,False,False,787,1188.0,521.0,599.0,2034.5,2205.4526,Understock Risk
2024-04-22,egg,Rainy,False,False,1027,787.0,1188.0,5642.0,880.75,749.3034,Overstock Risk
2024-04-22,egg,Sunny,False,False,2827,1027.0,787.0,521.0,1457.25,2681.1611,Normal
2024-04-22,egg,Sunny,True,False,1280,2827.0,1027.0,1188.0,1480.25,1162.2952,Normal
2024-04-29,egg,Cloudy,False,False,1221,1280.0,2827.0,787.0,1588.75,1628.516,Understock Risk
2024-04-29,egg,Cloudy,False,True,570,1221.0,1280.0,1027.0,1474.5,952.5458,Understock Risk
2024-04-29,egg,Rainy,False,False,1564,570.0,1221.0,2827.0,1158.75,1287.8446,Normal
2024-04-29,egg,Rainy,False,True,377,1564.0,570.0,1280.0,933.0,324.9305,Normal
2024-04-29,egg,Rainy,True,False,657,377.0,1564.0,1221.0,792.0,712.9636,Normal
2024-04-29,egg,Sunny,False,False,4153,657.0,377.0,570.0,1687.75,3781.9744,Normal
2024-05-06,egg,Cloudy,False,False,1503,4153.0,657.0,1564.0,1672.5,1461.3468,Normal
2024-05-06,egg,Rainy,False,False,978,1503.0,4153.0,377.0,1822.75,865.2057,Normal
2024-05-06,egg,Rainy,False,True,581,978.0,1503.0,657.0,1803.75,860.61084,Understock Risk
2024-05-06,egg,Sunny,False,False,2673,581.0,978.0,4153.0,1433.75,2795.9077,Normal
2024-05-06,egg,Sunny,True,False,985,2673.0,581.0,1503.0,1304.25,1125.4747,Normal
2024-05-13,egg,Cloudy,False,False,3063,985.0,2673.0,978.0,1825.5,2054.6355,Overstock Risk
2024-05-13,egg,Rainy,False,False,1788,3063.0,985.0,581.0,2127.25,1387.4059,Overstock Risk
2024-05-13,egg,Sunny,False,False,2486,1788.0,3063.0,2673.0,2080.5,3021.456,Understock Risk
2024-05-13,egg,Sunny,True,False,734,2486.0,1788.0,985.0,2017.75,1509.7704,Understock Risk
2024-05-20,egg,Cloudy,False,False,1224,734.0,2486.0,3063.0,1558.0,1566.0686,Understock Risk
2024-05-20,egg,Cloudy,False,True,894,1224.0,734.0,1788.0,1334.5,948.4115,Normal
2024-05-20,egg,Cloudy,True,False,736,894.0,1224.0,2486.0,897.0,1043.807,Understock Risk
2024-05-20,egg,Rainy,False,False,262,736.0,894.0,734.0,779.0,529.81537,Understock Risk
2024-05-20,egg,Sunny,False,False,3108,262.0,736.0,1224.0,1250.0,2773.4802,Normal
2024-05-27,egg,Cloudy,False,False,823,3108.0,262.0,894.0,1232.25,1081.2837,Understock Risk
2024-05-27,egg,Cloudy,True,False,1610,823.0,3108.0,736.0,1450.75,931.2591,Overstock Risk
2024-05-27,egg,Rainy,False,False,2264,1610.0,823.0,262.0,1951.25,1885.2544,Normal
2024-05-27,egg,Sunny,False,False,5494,2264.0,1610.0,3108.0,2547.75,4639.2305,Normal
2024-05-27,egg,Sunny,True,False,687,5494.0,2264.0,823.0,2513.75,1244.3536,Understock Risk
2024-05-27,egg,Sunny,True,True,728,687.0,5494.0,1610.0,2293.25,1000.2441,Understock Risk
2024-06-03,egg,Cloudy,False,False,3070,728.0,687.0,2264.0,2494.75,3239.8972,Normal
2024-06-03,egg,Rainy,False,False,74,3070.0,728.0,5494.0,1139.75,533.9693,Understock Risk
2024-06-03,egg,Rainy,True,False,536,74.0,3070.0,687.0,1102.0,736.5981,Understock Risk
2024-06-03,egg,Sunny,False,False,4474,536.0,74.0,728.0,2038.5,4463.779,Normal
2024-06-03,egg,Sunny,False,True,498,4474.0,536.0,3070.0,1395.5,571.3618,Normal
2024-06-10,egg,Cloudy,False,False,2482,498.0,4474.0,74.0,1997.5,2362.279,Normal
2024-06-10,egg,Rainy,False,False,911,2482.0,498.0,536.0,2091.25,1621.9608,Understock Risk
2024-06-10,egg,Rainy,False,True,290,911.0,2482.0,4474.0,1045.25,238.74484,Normal
2024-06-10,egg,Rainy,True,False,188,290.0,911.0,498.0,967.75,668.8018,Understock Risk
2024-06-10,egg,Sunny,False,False,3777,188.0,290.0,2482.0,1291.5,3401.4666,Normal
2024-06-10,egg,Sunny,False,True,579,3777.0,188.0,911.0,1208.5,495.43735,Normal
2024-06-17,egg,Cloudy,False,False,2639,579.0,3777.0,290.0,1795.75,1924.1846,Overstock Risk
2024-06-17,egg,Rainy,False,False,1426,2639.0,579.0,188.0,2105.25,1504.1785,Normal
2024-06-17,egg,Rainy,True,False,508,1426.0,2639.0,3777.0,1288.0,343.55972,Overstock Risk
2024-06-17,egg,Sunny,False,False,3856,508.0,1426.0,579.0,2107.25,4521.468,Normal
2024-06-17,egg,Sunny,False,True,1124,3856.0,508.0,2639.0,1728.5,824.3001,Overstock Risk
2024-06-17,egg,Sunny,True,False,503,1124.0,3856.0,1426.0,1497.75,894.51166,Understock Risk
2024-06-24,egg,Cloudy,False,False,2258,503.0,1124.0,508.0,1935.25,2663.5002,Normal
2024-06-24,egg,Cloudy,False,True,437,2258.0,503.0,3856.0,1080.5,511.38693,Normal
2024-06-24,egg,Rainy,False,False,741,437.0,2258.0,1124.0,984.75,982.9562,Understock Risk
2024-06-24,egg,Sunny,False,False,3560,741.0,437.0,503.0,1749.0,3383.0347,Normal
2024-07-01,egg,Cloudy,False,False,1917,3560.0,741.0,2258.0,1663.75,1518.4476,Overstock Risk
2024-07-01,egg,Cloudy,True,False,599,1917.0,3560.0,437.0,1704.25,790.27936,Understock Risk
2024-07-01,egg,Rainy,False,False,1186,599.0,1917.0,741.0,1815.5,1882.5994,Understock Risk
2024-07-01,egg,Rainy,True,False,796,1186.0,599.0,3560.0,1124.5,806.22906,Normal
2024-07-01,egg,Sunny,False,False,3609,796.0,1186.0,1917.0,1547.5,3019.288,Normal
2024-07-01,egg,Sunny,True,False,4272,3609.0,796.0,599.0,2465.75,2651.4983,Overstock Risk
2024-07-08,egg,Cloudy,False,False,2870,4272.0,3609.0,1186.0,2886.75,2617.1196,Normal
2024-07-08,egg,Rainy,False,False,1647,2870.0,4272.0,796.0,3099.5,1918.885,Normal
2024-07-08,egg,Sunny,False,False,3384,1647.0,2870.0,3609.0,3043.25,4138.6304,Understock Risk
2024-07-08,egg,Sunny,True,False,714,3384.0,1647.0,4272.0,2153.75,1737.6564,Understock Risk
2024-07-15,egg,Cloudy,False,False,1678,714.0,3384.0,2870.0,1855.75,1652.0399,Normal
2024-07-15,egg,Cloudy,False,True,634,1678.0,714.0,1647.0,1602.5,824.67004,Understock Risk
2024-07-15,egg,Cloudy,True,False,389,634.0,1678.0,3384.0,853.75,614.11,Understock Risk
2024-07-15,egg,Rainy,False,False,1065,389.0,634.0,714.0,941.5,1120.343,Normal
2024-07-15,egg,Rainy,True,False,491,1065.0,389.0,1678.0,644.75,625.21375,Understock Risk
2024-07-15,egg,Sunny,False,False,5896,491.0,1065.0,634.0,1960.25,4558.631,Overstock Risk
2024-07-15,egg,Sunny,True,False,798,5896.0,491.0,389.0,2062.5,1202.9243,Understock Risk
2024-07-22,egg,Cloudy,False,False,2497,798.0,5896.0,1065.0,2420.5,2482.6167,Normal
2024-07-22,egg,Cloudy,False,True,318,2497.0,798.0,491.0,2377.25,643.3369,Understock Risk
2024-07-22,egg,Rainy,False,False,918,318.0,2497.0,5896.0,1132.75,1138.912,Understock Risk
2024-07-22,egg,Sunny,False,False,3342,918.0,318.0,798.0,1768.75,3284.291,Normal
2024-07-22,egg,Sunny,False,True,1197,3342.0,918.0,2497.0,1443.75,1113.0167,Normal
2024-07-22,egg,Sunny,True,False,1782,1197.0,3342.0,318.0,1809.75,1713.6573,Normal
2024-07-29,egg,Cloudy,False,False,4657,1782.0,1197.0,918.0,2744.5,3186.1309,Overstock Risk
2024-07-29,egg,Cloudy,True,False,1639,4657.0,1782.0,3342.0,2318.75,1032.7717,Overstock Risk
2024-07-29,egg,Rainy,False,False,1517,1639.0,4657.0,1197.0,2398.75,1752.7561,Normal
2024-07-29,egg,Rainy,False,True,392,1517.0,1639.0,1782.0,2051.25,601.906,Understock Risk
2024-07-29,egg,Sunny,False,False,1442,392.0,1517.0,4657.0,1247.5,2177.945,Understock Risk
2024-08-05,egg,Cloudy,False,False,1523,1442.0,392.0,1639.0,1218.5,1491.5408,Normal
2024-08-05,egg,Cloudy,True,True,823,1523.0,1442.0,1517.0,1045.0,522.0421,Overstock Risk
2024-08-05,egg,Rainy,False,False,437,823.0,1523.0,392.0,1056.25,692.18896,Understock Risk
2024-08-05,egg,Rainy,True,False,2621,437.0,823.0,1442.0,1351.0,1490.3335,Overstock Risk
2024-08-05,egg,Sunny,False,False,2053,2621.0,437.0,1523.0,1483.5,1962.174,Normal
2024-08-05,egg,Sunny,True,False,2856,2053.0,2621.0,823.0,1991.75,1914.9883,Overstock Risk
2024-08-12,egg,Cloudy,False,False,2106,2856.0,2053.0,437.0,2409.0,2312.9453,Normal
2024-08-12,egg,Cloudy,False,True,336,2106.0,2856.0,2621.0,1837.75,339.06808,Normal
2024-08-12,egg,Cloudy,True,False,1409,336.0,2106.0,2053.0,1676.75,1893.491,Understock Risk
2024-08-12,egg,Rainy,False,False,1598,1409.0,336.0,2856.0,1362.25,1442.8883,Normal
2024-08-12,egg,Rainy,True,False,442,1598.0,1409.0,2106.0,946.25,553.35364,Understock Risk
2024-08-12,egg,Sunny,False,False,3143,442.0,1598.0,336.0,1648.0,3527.7576,Normal
2024-08-12,egg,Sunny,True,False,575,3143.0,442.0,1409.0,1439.5,1059.1893,Understock Risk
2024-08-19,egg,Cloudy,False,False,2450,575.0,3143.0,1598.0,1652.5,1917.2666,Overstock Risk
2024-08-19,egg,Cloudy,True,False,665,2450.0,575.0,442.0,1708.25,1120.3326,Understock Risk
2024-08-19,egg,Cloudy,True,True,686,665.0,2450.0,3143.0,1094.0,732.0287,Normal
2024-08-19,egg,Rainy,False,False,2209,686.0,665.0,575.0,1502.5,1825.2073,Normal
2024-08-19,egg,Sunny,False,False,6469,2209.0,686.0,2450.0,2507.25,5430.7344,Normal
2024-08-19,egg,Sunny,True,False,3165,6469.0,2209.0,665.0,3132.25,2717.8813,Normal
2024-08-19,egg,Sunny,True,True,775,3165.0,6469.0,686.0,3154.5,1056.7303,Understock Risk
2024-08-26,egg,Cloudy,False,False,1715,775.0,3165.0,2209.0,3031.0,2569.853,Understock Risk
2024-08-26,egg,Rainy,False,False,1071,1715.0,775.0,6469.0,1681.5,1365.7365,Understock Risk
2024-08-26,egg,Rainy,False,True,1085,1071.0,1715.0,3165.0,1161.5,730.6705,Overstock Risk
2024-08-26,egg,Sunny,False,False,5897,1085.0,1071.0,775.0,2442.0,5353.704,Normal
2024-09-02,egg,Cloudy,False,False,1518,5897.0,1085.0,1715.0,2392.75,2111.7668,Understock Risk
2024-09-02,egg,Cloudy,True,False,1025,1518.0,5897.0,1071.0,2381.25,846.02576,Normal
2024-09-02,egg,Rainy,False,False,1357,1025.0,1518.0,1085.0,2449.25,2157.006,Understock Risk
2024-09-02,egg,Rainy,False,True,360,1357.0,1025.0,5897.0,1065.0,383.32602,Normal
2024-09-02,egg,Rainy,True,False,1136,360.0,1357.0,1518.0,969.5,872.23944,Overstock Risk
2024-09-02,egg,Sunny,False,False,2376,1136.0,360.0,1025.0,1307.25,2477.1562,Normal
2024-09-02,egg,Sunny,True,False,687,2376.0,1136.0,1357.0,1139.75,792.9347,Normal
2024-09-09,egg,Cloudy,False,False,1695,687.0,2376.0,360.0,1473.5,1634.6091,Normal
2024-09-09,egg,Cloudy,True,False,1535,1695.0,687.0,1136.0,1573.25,1295.2465,Normal
2024-09-09,egg,Rainy,False,False,2055,1535.0,1695.0,2376.0,1493.0,1256.8783,Overstock Risk
2024-09-09,egg,Rainy,True,False,651,2055.0,1535.0,687.0,1484.0,725.58545,Normal
2024-09-09,egg,Sunny,False,False,3551,651.0,2055.0,1695.0,1948.0,4078.1833,Normal
2024-09-09,egg,Sunny,False,True,197,3551.0,651.0,1535.0,1613.5,497.35553,Understock Risk
2024-09-09,egg,Sunny,True,False,2307,197.0,3551.0,2055.0,1676.5,1829.0043,Overstock Risk
2024-09-16,egg,Cloudy,False,False,1746,2307.0,197.0,651.0,1950.25,2236.4954,Understock Risk
2024-09-16,egg,Cloudy,False,True,384,1746.0,2307.0,3551.0,1158.5,399.47433,Normal
2024-09-16,egg,Cloudy,True,False,875,384.0,1746.0,197.0,1328.0,1037.9004,Normal
2024-09-16,egg,Rainy,False,False,308,875.0,384.0,2307.0,828.25,846.12213,Understock Risk
2024-09-16,egg,Rainy,True,False,455,308.0,875.0,1746.0,505.5,526.41754,Normal
2024-09-16,egg,Sunny,False,False,2449,455.0,308.0,384.0,1021.75,2370.1943,Normal
2024-09-16,egg,Sunny,False,True,480,2449.0,455.0,875.0,923.0,330.60876,Overstock Risk
2024-09-16,egg,Sunny,True,False,2081,480.0,2449.0,308.0,1366.25,1641.3497,Overstock Risk
2024-09-23,egg,Cloudy,False,False,3023,2081.0,480.0,455.0,2008.25,2338.5256,Overstock Risk
2024-09-23,egg,Cloudy,False,True,333,3023.0,2081.0,2449.0,1479.25,421.25943,Understock Risk
2024-09-23,egg,Cloudy,True,True,847,333.0,3023.0,480.0,1571.0,804.53595,Normal
2024-09-23,egg,Rainy,False,False,783,847.0,333.0,2081.0,1246.5,1214.0516,Understock Risk
2024-09-23,egg,Sunny,False,False,4733,783.0,847.0,3023.0,1674.0,3545.3525,Overstock Risk
2024-09-23,egg,Sunny,False,True,518,4733.0,783.0,333.0,1720.25,573.1296,Normal
2024-09-23,egg,Sunny,True,False,446,518.0,4733.0,847.0,1620.0,974.88684,Understock Risk
2024-09-30,egg,Cloudy,False,False,2154,446.0,518.0,783.0,1962.75,2632.5535,Understock Risk
2024-09-30,egg,Cloudy,True,False,824,2154.0,446.0,4733.0,985.5,676.5962,Normal
2024-09-30,egg,Rainy,False,False,1062,824.0,2154.0,518.0,1121.5,738.38245,Overstock Risk
2024-09-30,egg,Rainy,True,False,710,1062.0,824.0,446.0,1187.5,929.4113,Understock Risk
2024-09-30,egg,Sunny,False,False,3375,710.0,1062.0,2154.0,1492.75,2725.9114,Normal
2024-09-30,egg,Sunny,False,True,1304,3375.0,710.0,824.0,1612.75,729.31775,Overstock Risk
2024-09-30,egg,Sunny,True,False,2961,1304.0,3375.0,1062.0,2087.5,1884.1935,Overstock Risk
2024-10-07,egg,Cloudy,False,False,2392,2961.0,1304.0,710.0,2508.0,2420.5115,Normal
2024-10-07,egg,Cloudy,True,False,2036,2392.0,2961.0,3375.0,2173.25,997.69135,Overstock Risk
2024-10-07,egg,Rainy,False,False,1376,2036.0,2392.0,1304.0,2191.25,1826.1417,Understock Risk
2024-10-07,egg,Sunny,False,False,2723,1376.0,2036.0,2961.0,2131.75,3594.809,Understock Risk
2024-10-07,egg,Sunny,True,False,1121,2723.0,1376.0,2392.0,1814.0,1523.2672,Understock Risk
2024-10-14,egg,Cloudy,False,False,952,1121.0,2723.0,2036.0,1543.0,1588.5112,Understock Risk
2024-10-14,egg,Cloudy,True,False,1909,952.0,1121.0,1376.0,1676.25,1929.3998,Normal
2024-10-14,egg,Cloudy,True,True,603,1909.0,952.0,2723.0,1146.25,788.1676,Understock Risk
2024-10-14,egg,Rainy,False,False,830,603.0,1909.0,1121.0,1073.5,1043.4032,Understock Risk
2024-10-14,egg,Sunny,False,False,3883,830.0,603.0,952.0,1806.25,3349.048,Normal
2024-10-14,egg,Sunny,True,False,946,3883.0,830.0,1909.0,1565.5,1206.2325,Understock Risk
2024-10-21,egg,Cloudy,False,False,3481,946.0,3883.0,603.0,2285.0,2178.9219,Overstock Risk
2024-10-21,egg,Cloudy,False,True,289,3481.0,946.0,830.0,2149.75,450.47653,Understock Risk
2024-10-21,egg,Cloudy,True,False,1232,289.0,3481.0,3883.0,1487.0,806.3589,Overstock Risk
2024-10-21,egg,Cloudy,True,True,699,1232.0,289.0,946.0,1425.25,958.024,Understock Risk
2024-10-21,egg,Rainy,False,False,1635,699.0,1232.0,3481.0,963.75,1119.4353,Overstock Risk
2024-10-21,egg,Sunny,False,False,2613,1635.0,699.0,289.0,1544.75,2852.6008,Normal
2024-10-21,egg,Sunny,True,False,4382,2613.0,1635.0,1232.0,2332.25,1798.762,Overstock Risk
2024-10-28,egg,Cloudy,False,False,3914,4382.0,2613.0,699.0,3136.0,2898.0427,Overstock Risk
2024-10-28,egg,Cloudy,True,False,1165,3914.0,4382.0,1635.0,3018.5,1510.6819,Understock Risk
2024-10-28,egg,Rainy,False,False,1144,1165.0,3914.0,2613.0,2651.25,1961.5508,Understock Risk
2024-10-28,egg,Rainy,True,False,475,1144.0,1165.0,4382.0,1674.5,1846.9264,Understock Risk
2024-10-28,egg,Sunny,False,False,3078,475.0,1144.0,3914.0,1465.5,2952.3293,Normal
2024-10-28,egg,Sunny,True,False,810,3078.0,475.0,1165.0,1376.75,1158.7372,Understock Risk
2024-10-28,egg,Sunny,True,True,595,810.0,3078.0,1144.0,1239.5,652.4069,Normal
2024-11-04,egg,Cloudy,False,False,1701,595.0,810.0,475.0,1546.0,2255.3853,Understock Risk
2024-11-04,egg,Rainy,False,False,505,1701.0,595.0,3078.0,902.75,870.5756,Understock Risk
2024-11-04,egg,Sunny,False,False,2570,505.0,1701.0,810.0,1342.75,2648.3865,Normal
2024-11-04,egg,Sunny,True,False,1345,2570.0,505.0,595.0,1530.25,1315.0902,Normal
2024-11-04,egg,Sunny,True,True,674,1345.0,2570.0,1701.0,1273.5,255.70576,Overstock Risk
2024-11-11,egg,Cloudy,False,False,929,674.0,1345.0,505.0,1379.5,1724.2656,Understock Risk
2024-11-11,egg,Cloudy,True,False,513,929.0,674.0,2570.0,865.25,560.0261,Normal
2024-11-11,egg,Rainy,False,False,891,513.0,929.0,1345.0,751.75,929.4937,Normal
2024-11-11,egg,Rainy,True,False,497,891.0,513.0,674.0,707.5,497.28854,Normal
2024-11-11,egg,Sunny,False,False,3137,497.0,891.0,929.0,1259.5,2468.5938,Overstock Risk
2024-11-11,egg,Sunny,False,True,937,3137.0,497.0,513.0,1365.5,446.82147,Overstock Risk
2024-11-18,egg,Cloudy,False,False,676,937.0,3137.0,891.0,1311.75,1222.1832,Understock Risk
2024-11-18,egg,Rainy,False,False,337,676.0,937.0,497.0,1271.75,1257.4194,Understock Risk
2024-11-18,egg,Sunny,False,False,4207,337.0,676.0,3137.0,1539.25,3424.802,Normal
2024-11-18,egg,Sunny,True,False,621,4207.0,337.0,937.0,1460.25,1159.0845,Understock Risk
2024-11-25,egg,Cloudy,False,False,2888,621.0,4207.0,676.0,2013.25,2131.6616,Overstock Risk
2024-11-25,egg,Rainy,False,False,1085,2888.0,621.0,337.0,2200.25,2307.9363,Understock Risk
2024-11-25,egg,Sunny,False,False,3057,1085.0,2888.0,4207.0,1912.75,3213.9539,Normal
2024-11-25,egg,Sunny,True,False,1968,3057.0,1085.0,621.0,2249.5,1988.6458,Normal
2024-12-02,egg,Cloudy,False,False,3339,1968.0,3057.0,2888.0,2362.25,2339.7947,Overstock Risk
2024-12-02,egg,Cloudy,False,True,438,3339.0,1968.0,1085.0,2200.5,507.52704,Normal
2024-12-02,egg,Rainy,False,False,2253,438.0,3339.0,3057.0,1999.5,2005.2073,Normal
2024-12-02,egg,Sunny,False,False,5629,2253.0,438.0,1968.0,2914.75,5959.0005,Normal
2024-12-02,egg,Sunny,False,True,161,5629.0,2253.0,3339.0,2120.25,223.88142,Understock Risk
2024-12-02,egg,Sunny,True,False,1250,161.0,5629.0,438.0,2323.25,1911.0077,Understock Risk
2024-12-09,egg,Cloudy,False,False,2070,1250.0,161.0,2253.0,2277.5,3263.543,Understock Risk
2024-12-09,egg,Cloudy,False,True,231,2070.0,1250.0,5629.0,928.0,434.20663,Understock Risk
2024-12-09,egg,Cloudy,True,False,769,231.0,2070.0,161.0,1080.0,844.58484,Normal
2024-12-09,egg,Rainy,False,False,1020,769.0,231.0,1250.0,1022.5,1056.2467,Normal
2024-12-09,egg,Sunny,False,False,5534,1020.0,769.0,2070.0,1888.5,3889.343,Overstock Risk
2024-12-09,egg,Sunny,True,False,1943,5534.0,1020.0,231.0,2316.5,1213.9333,Overstock Risk
2024-12-16,egg,Cloudy,False,False,1624,1943.0,5534.0,769.0,2530.25,2567.1948,Understock Risk
2024-12-16,egg,Cloudy,True,False,824,1624.0,1943.0,1020.0,2481.25,1251.7688,Understock Risk
2024-12-16,egg,Rainy,False,False,1869,824.0,1624.0,5534.0,1565.0,1780.5348,Normal
2024-12-16,egg,Sunny,False,False,2948,1869.0,824.0,1943.0,1816.25,2480.8555,Normal
2024-12-16,egg,Sunny,False,True,1439,2948.0,1869.0,1624.0,1770.0,677.3226,Overstock Risk
2024-12-16,egg,Sunny,True,False,1598,1439.0,2948.0,824.0,1963.5,1725.9858,Normal
2024-12-23,egg,Cloudy,False,False,2615,1598.0,1439.0,1869.0,2150.0,2148.6074,Normal
2024-12-23,egg,Cloudy,False,True,1458,2615.0,1598.0,2948.0,1777.5,787.71704,Overstock Risk
2024-12-23,egg,Rainy,False,False,936,1458.0,2615.0,1439.0,1651.75,1323.2968,Understock Risk
2024-12-23,egg,Rainy,True,False,555,936.0,1458.0,1598.0,1391.0,1082.3999,Understock Risk
2024-12-23,egg,Sunny,False,False,3848,555.0,936.0,2615.0,1699.25,3477.8076,Normal
2024-12-23,egg,Sunny,False,True,504,3848.0,555.0,1458.0,1460.75,507.7471,Normal
2024-12-23,egg,Sunny,True,False,2452,504.0,3848.0,936.0,1839.75,1424.4795,Overstock Risk
2024-12-30,egg,Cloudy,False,False,804,2452.0,504.0,555.0,1902.0,1881.788,Understock Risk
2024-12-30,egg,Rainy,False,False,453,804.0,2452.0,3848.0,1053.25,814.0692,Understock Risk
2024-12-30,egg,Rainy,True,False,1264,453.0,804.0,504.0,1243.25,1367.44,Normal
2024-12-30,egg,Sunny,False,False,123,1264.0,453.0,2452.0,661.0,2102.0818,Understock Risk
2024-01-08,evaporated milk,Cloudy,False,True,808,2594.0,6090.0,2467.0,2574.25,772.6543,Normal
2024-01-08,evaporated milk,Cloudy,True,True,1224,808.0,2594.0,805.0,2679.0,1243.4392,Normal
2024-01-08,evaporated milk,Rainy,False,False,1684,1224.0,808.0,6090.0,1577.5,1966.6217,Normal
2024-01-08,evaporated milk,Rainy,True,False,2082,1684.0,1224.0,2594.0,1449.5,1322.4902,Overstock Risk
2024-01-08,evaporated milk,Sunny,False,False,4678,2082.0,1684.0,808.0,2417.0,4737.9346,Normal
2024-01-08,evaporated milk,Sunny,True,False,1545,4678.0,2082.0,1224.0,2497.25,1413.1395,Normal
2024-01-15,evaporated milk,Cloudy,False,False,2819,1545.0,4678.0,1684.0,2781.0,2933.2295,Normal
2024-01-15,evaporated milk,Cloudy,True,False,3462,2819.0,1545.0,2082.0,3126.0,3297.6042,Normal
2024-01-15,evaporated milk,Rainy,False,False,874,3462.0,2819.0,4678.0,2175.0,1332.5829,Understock Risk
2024-01-15,evaporated milk,Sunny,False,False,4139,874.0,3462.0,1545.0,2823.5,4887.0747,Normal
2024-01-15,evaporated milk,Sunny,False,True,883,4139.0,874.0,2819.0,2339.5,1003.9299,Normal
2024-01-15,evaporated milk,Sunny,True,False,1954,883.0,4139.0,3462.0,1962.5,1378.379,Overstock Risk
2024-01-22,evaporated milk,Cloudy,False,False,1652,1954.0,883.0,874.0,2157.0,2053.2126,Understock Risk
2024-01-22,evaporated milk,Rainy,False,False,1315,1652.0,1954.0,4139.0,1451.0,1124.69,Normal
2024-01-22,evaporated milk,Sunny,False,False,4244,1315.0,1652.0,883.0,2291.25,4948.5986,Normal
2024-01-22,evaporated milk,Sunny,False,True,677,4244.0,1315.0,1954.0,1972.0,578.9089,Normal
2024-01-29,evaporated milk,Cloudy,False,False,2097,677.0,4244.0,1652.0,2083.25,2192.839,Normal
2024-01-29,evaporated milk,Cloudy,True,False,840,2097.0,677.0,1315.0,1964.5,969.16376,Normal
2024-01-29,evaporated milk,Rainy,False,False,1297,840.0,2097.0,4244.0,1227.75,1043.9026,Normal
2024-01-29,evaporated milk,Sunny,False,False,3898,1297.0,840.0,677.0,2033.0,4211.323,Normal
2024-01-29,evaporated milk,Sunny,False,True,511,3898.0,1297.0,2097.0,1636.5,543.22095,Normal
2024-01-29,evaporated milk,Sunny,True,False,2331,511.0,3898.0,840.0,2009.25,2104.7441,Normal
2024-02-05,evaporated milk,Cloudy,False,False,1183,2331.0,511.0,1297.0,1980.75,1909.2346,Understock Risk
2024-02-05,evaporated milk,Rainy,False,False,637,1183.0,2331.0,3898.0,1165.5,908.07166,Understock Risk
2024-02-05,evaporated milk,Rainy,True,False,2529,637.0,1183.0,511.0,1670.0,1971.8578,Overstock Risk
2024-02-05,evaporated milk,Sunny,False,False,4626,2529.0,637.0,2331.0,2243.75,4189.031,Normal
2024-02-05,evaporated milk,Sunny,True,False,1093,4626.0,2529.0,1183.0,2221.25,1254.0641,Normal
2024-02-05,evaporated milk,Sunny,True,True,953,1093.0,4626.0,637.0,2300.25,1109.4359,Normal
2024-02-12,evaporated milk,Cloudy,False,False,3183,953.0,1093.0,2529.0,2463.75,3175.9187,Normal
2024-02-12,evaporated milk,Cloudy,True,False,700,3183.0,953.0,4626.0,1482.25,973.7977,Understock Risk
2024-02-12,evaporated milk,Rainy,False,False,1189,700.0,3183.0,1093.0,1506.25,1322.6809,Normal
2024-02-12,evaporated milk,Rainy,True,False,698,1189.0,700.0,953.0,1442.5,1104.4469,Understock Risk
2024-02-12,evaporated milk,Sunny,False,False,3916,698.0,1189.0,3183.0,1625.75,3378.8745,Normal
2024-02-12,evaporated milk,Sunny,True,False,3006,3916.0,698.0,700.0,2202.25,2389.9172,Overstock Risk
2024-02-19,evaporated milk,Cloudy,False,False,4008,3006.0,3916.0,1189.0,2907.0,3569.3254,Normal
2024-02-19,evaporated milk,Cloudy,True,False,689,4008.0,3006.0,698.0,2904.75,1155.8824,Understock Risk
2024-02-19,evaporated milk,Rainy,False,False,2415,689.0,4008.0,3916.0,2529.5,2325.6843,Normal
2024-02-19,evaporated milk,Sunny,False,False,3428,2415.0,689.0,3006.0,2635.0,4353.542,Understock Risk
2024-02-19,evaporated milk,Sunny,True,False,2256,3428.0,2415.0,4008.0,2197.0,1895.2538,Normal
2024-02-26,evaporated milk,Cloudy,False,False,3648,2256.0,3428.0,689.0,2936.75,3331.3308,Normal
2024-02-26,evaporated milk,Cloudy,True,False,781,3648.0,2256.0,2415.0,2528.25,1206.0308,Understock Risk
2024-02-26,evaporated milk,Rainy,False,False,1068,781.0,3648.0,3428.0,1938.25,1428.0608,Understock Risk
2024-02-26,evaporated milk,Rainy,True,False,799,1068.0,781.0,2256.0,1574.0,1404.3815,Understock Risk
2024-02-26,evaporated milk,Sunny,False,False,2920,799.0,1068.0,3648.0,1392.0,2810.694,Normal
2024-02-26,evaporated milk,Sunny,True,False,2645,2920.0,799.0,781.0,1858.0,2095.9875,Overstock Risk
2024-03-04,evaporated milk,Cloudy,False,False,2678,2645.0,2920.0,1068.0,2260.5,2227.8896,Normal
2024-03-04,evaporated milk,Cloudy,True,False,610,2678.0,2645.0,799.0,2213.25,1126.261,Understock Risk
2024-03-04,evaporated milk,Rainy,False,False,3669,610.0,2678.0,2920.0,2400.5,2689.303,Overstock Risk
2024-03-04,evaporated milk,Rainy,True,False,2371,3669.0,610.0,2645.0,2332.0,1918.235,Normal
2024-03-04,evaporated milk,Sunny,False,False,2458,2371.0,3669.0,2678.0,2277.0,2700.5156,Normal
2024-03-04,evaporated milk,Sunny,False,True,836,2458.0,2371.0,610.0,2333.5,1239.7114,Understock Risk
2024-03-04,evaporated milk,Sunny,True,False,456,836.0,2458.0,3669.0,1530.25,1338.0618,Understock Risk
2024-03-04,evaporated milk,Sunny,True,True,1190,456.0,836.0,2371.0,1235.0,1273.9933,Normal
2024-03-11,evaporated milk,Cloudy,False,False,1911,1190.0,456.0,2458.0,1098.25,1761.3184,Normal
2024-03-11,evaporated milk,Cloudy,True,False,1136,1911.0,1190.0,836.0,1173.25,1014.41925,Normal
2024-03-11,evaporated milk,Rainy,False,False,383,1136.0,1911.0,456.0,1155.0,698.9965,Understock Risk
2024-03-11,evaporated milk,Rainy,True,False,860,383.0,1136.0,1190.0,1072.5,990.4169,Normal
2024-03-11,evaporated milk,Rainy,True,True,895,860.0,383.0,1911.0,818.5,662.1759,Overstock Risk
2024-03-11,evaporated milk,Sunny,False,False,6924,895.0,860.0,1136.0,2265.5,5560.382,Normal
2024-03-11,evaporated milk,Sunny,True,False,2170,6924.0,895.0,383.0,2712.25,1949.9562,Normal
2024-03-18,evaporated milk,Cloudy,False,False,1610,2170.0,6924.0,860.0,2899.75,1825.6512,Normal
2024-03-18,evaporated milk,Cloudy,True,False,885,1610.0,2170.0,895.0,2897.25,1250.7665,Understock Risk
2024-03-18,evaporated milk,Rainy,False,False,1575,885.0,1610.0,6924.0,1560.0,1931.2948,Understock Risk
2024-03-18,evaporated milk,Sunny,False,False,3606,1575.0,885.0,2170.0,1919.0,3388.1753,Normal
2024-03-18,evaporated milk,Sunny,True,False,1924,3606.0,1575.0,1610.0,1997.5,1694.675,Normal
2024-03-25,evaporated milk,Cloudy,False,False,3078,1924.0,3606.0,885.0,2545.75,2790.5073,Normal
2024-03-25,evaporated milk,Cloudy,True,False,1884,3078.0,1924.0,1575.0,2623.0,1347.1405,Overstock Risk
2024-03-25,evaporated milk,Rainy,False,False,824,1884.0,3078.0,3606.0,1927.5,1374.4802,Understock Risk
2024-03-25,evaporated milk,Rainy,True,False,587,824.0,1884.0,1924.0,1593.25,1189.7885,Understock Risk
2024-03-25,evaporated milk,Sunny,False,False,2821,587.0,824.0,3078.0,1529.0,3157.5254,Normal
2024-03-25,evaporated milk,Sunny,True,False,1832,2821.0,587.0,1884.0,1516.0,1570.6965,Normal
2024-04-01,evaporated milk,Cloudy,False,False,2296,1832.0,2821.0,824.0,1884.0,2113.5906,Normal
2024-04-01,evaporated milk,Cloudy,True,False,859,2296.0,1832.0,587.0,1952.0,939.4794,Normal
2024-04-01,evaporated milk,Rainy,False,False,1722,859.0,2296.0,2821.0,1677.25,1755.3881,Normal
2024-04-01,evaporated milk,Rainy,True,False,1556,1722.0,859.0,1832.0,1608.25,1517.0283,Normal
2024-04-01,evaporated milk,Sunny,False,False,3297,1556.0,1722.0,2296.0,1858.5,3339.0923,Normal
2024-04-01,evaporated milk,Sunny,True,False,5729,3297.0,1556.0,859.0,3076.0,5263.5967,Normal
2024-04-08,evaporated milk,Cloudy,False,False,5098,5729.0,3297.0,1722.0,3920.0,4855.9707,Normal
2024-04-08,evaporated milk,Cloudy,False,True,458,5098.0,5729.0,1556.0,3645.5,681.2951,Understock Risk
2024-04-08,evaporated milk,Cloudy,True,False,682,458.0,5098.0,3297.0,2991.75,882.81244,Understock Risk
2024-04-08,evaporated milk,Rainy,False,False,959,682.0,458.0,5729.0,1799.25,1800.4625,Understock Risk
2024-04-08,evaporated milk,Sunny,False,False,5770,959.0,682.0,5098.0,1967.25,4694.9937,Normal
2024-04-08,evaporated milk,Sunny,True,False,994,5770.0,959.0,458.0,2101.25,1180.5194,Normal
2024-04-15,evaporated milk,Cloudy,False,False,2769,994.0,5770.0,682.0,2623.0,2632.1196,Normal
2024-04-15,evaporated milk,Cloudy,True,False,770,2769.0,994.0,959.0,2575.75,1233.6991,Understock Risk
2024-04-15,evaporated milk,Rainy,False,False,926,770.0,2769.0,5770.0,1364.75,1030.2975,Normal
2024-04-15,evaporated milk,Rainy,True,False,719,926.0,770.0,994.0,1296.0,878.4283,Understock Risk
2024-04-15,evaporated milk,Sunny,False,False,3371,719.0,926.0,2769.0,1446.5,2875.1465,Normal
2024-04-15,evaporated milk,Sunny,False,True,718,3371.0,719.0,770.0,1433.5,680.9363,Normal
2024-04-15,evaporated milk,Sunny,True,False,873,718.0,3371.0,926.0,1420.25,1055.2366,Understock Risk
2024-04-22,evaporated milk,Cloudy,False,False,2190,873.0,718.0,719.0,1788.0,2464.605,Normal
2024-04-22,evaporated milk,Cloudy,True,False,630,2190.0,873.0,3371.0,1102.75,749.655,Normal
2024-04-22,evaporated milk,Rainy,False,False,2693,630.0,2190.0,718.0,1596.5,1845.8367,Overstock Risk
2024-04-22,evaporated milk,Rainy,True,False,836,2693.0,630.0,873.0,1587.25,1128.7805,Understock Risk
2024-04-22,evaporated milk,Sunny,False,False,4488,836.0,2693.0,2190.0,2161.75,3957.8176,Normal
2024-04-22,evaporated milk,Sunny,False,True,659,4488.0,836.0,630.0,2169.0,619.42163,Normal
2024-04-22,evaporated milk,Sunny,True,False,1327,659.0,4488.0,2693.0,1827.5,1006.88,Overstock Risk
2024-04-29,evaporated milk,Cloudy,False,False,2853,1327.0,659.0,836.0,2331.75,2679.6255,Normal
2024-04-29,evaporated milk,Rainy,False,False,1901,2853.0,1327.0,4488.0,1685.0,1602.6138,Normal
2024-04-29,evaporated milk,Sunny,False,False,6187,1901.0,2853.0,659.0,3067.0,6074.218,Normal
2024-04-29,evaporated milk,Sunny,False,True,784,6187.0,1901.0,1327.0,2931.25,796.7288,Normal
2024-04-29,evaporated milk,Sunny,True,False,1908,784.0,6187.0,2853.0,2695.0,1840.6759,Normal
2024-05-06,evaporated milk,Cloudy,False,False,1572,1908.0,784.0,1901.0,2612.75,2519.4048,Understock Risk
2024-05-06,evaporated milk,Cloudy,False,True,769,1572.0,1908.0,6187.0,1258.25,701.79895,Normal
2024-05-06,evaporated milk,Rainy,False,False,443,769.0,1572.0,784.0,1173.0,915.8698,Understock Risk
2024-05-06,evaporated milk,Sunny,False,False,5208,443.0,769.0,1908.0,1998.0,4552.65,Normal
2024-05-13,evaporated milk,Cloudy,False,False,3225,5208.0,443.0,1572.0,2411.25,2752.185,Normal
2024-05-13,evaporated milk,Cloudy,True,False,1695,3225.0,5208.0,769.0,2642.75,1385.8005,Normal
2024-05-13,evaporated milk,Rainy,False,False,2560,1695.0,3225.0,443.0,3172.0,2453.634,Normal
2024-05-13,evaporated milk,Rainy,False,True,639,2560.0,1695.0,5208.0,2029.75,996.47363,Understock Risk
2024-05-13,evaporated milk,Rainy,True,False,1862,639.0,2560.0,3225.0,1689.0,1549.1272,Normal
2024-05-13,evaporated milk,Sunny,False,False,7514,1862.0,639.0,1695.0,3143.75,7640.036,Normal
2024-05-13,evaporated milk,Sunny,True,False,953,7514.0,1862.0,2560.0,2742.0,919.1306,Normal
2024-05-20,evaporated milk,Cloudy,False,False,574,953.0,7514.0,639.0,2725.75,1195.3088,Understock Risk
2024-05-20,evaporated milk,Rainy,False,False,1900,574.0,953.0,1862.0,2735.25,2501.0747,Understock Risk
2024-05-20,evaporated milk,Sunny,False,False,3749,1900.0,574.0,7514.0,1794.0,3028.4602,Normal
2024-05-20,evaporated milk,Sunny,True,False,1186,3749.0,1900.0,953.0,1852.25,1251.0977,Normal
2024-05-27,evaporated milk,Cloudy,False,False,1766,1186.0,3749.0,574.0,2150.25,1993.5986,Normal
2024-05-27,evaporated milk,Rainy,False,False,702,1766.0,1186.0,1900.0,1850.75,1443.3817,Understock Risk
2024-05-27,evaporated milk,Sunny,False,False,2484,702.0,1766.0,3749.0,1534.5,2749.561,Normal
2024-05-27,evaporated milk,Sunny,True,False,863,2484.0,702.0,1186.0,1453.75,1264.7147,Understock Risk
2024-06-03,evaporated milk,Cloudy,False,False,1410,863.0,2484.0,1766.0,1364.75,1419.1976,Normal
2024-06-03,evaporated milk,Cloudy,False,True,488,1410.0,863.0,702.0,1311.25,435.71368,Normal
2024-06-03,evaporated milk,Cloudy,True,False,1597,488.0,1410.0,2484.0,1089.5,1411.629,Normal
2024-06-03,evaporated milk,Rainy,False,False,698,1597.0,488.0,863.0,1048.25,957.75867,Understock Risk
2024-06-03,evaporated milk,Rainy,True,False,954,698.0,1597.0,1410.0,934.25,883.24005,Normal
2024-06-03,evaporated milk,Sunny,False,False,3159,954.0,698.0,488.0,1602.0,3290.569,Normal
2024-06-03,evaporated milk,Sunny,False,True,642,3159.0,954.0,1597.0,1363.25,532.097,Normal
2024-06-03,evaporated milk,Sunny,True,False,1517,642.0,3159.0,698.0,1568.0,1575.2323,Normal
2024-06-10,evaporated milk,Cloudy,False,False,1193,1517.0,642.0,954.0,1627.75,1749.5363,Understock Risk
2024-06-10,evaporated milk,Cloudy,True,False,2772,1193.0,1517.0,3159.0,1531.0,1979.4214,Overstock Risk
2024-06-10,evaporated milk,Rainy,False,False,473,2772.0,1193.0,642.0,1488.75,905.2504,Understock Risk
2024-06-10,evaporated milk,Sunny,False,False,6699,473.0,2772.0,1517.0,2784.25,6411.095,Normal
2024-06-10,evaporated milk,Sunny,True,True,1143,6699.0,473.0,1193.0,2771.75,1008.86273,Normal
2024-06-17,evaporated milk,Cloudy,False,False,934,1143.0,6699.0,2772.0,2312.25,903.0971,Normal
2024-06-17,evaporated milk,Rainy,False,False,1842,934.0,1143.0,473.0,2654.5,2137.65,Normal
2024-06-17,evaporated milk,Sunny,False,False,3509,1842.0,934.0,6699.0,1857.0,3551.7178,Normal
2024-06-17,evaporated milk,Sunny,False,True,548,3509.0,1842.0,1143.0,1708.25,414.99832,Overstock Risk
2024-06-17,evaporated milk,Sunny,True,False,1135,548.0,3509.0,934.0,1758.5,1466.4417,Understock Risk
2024-06-24,evaporated milk,Cloudy,False,False,2254,1135.0,548.0,1842.0,1861.5,2532.6355,Normal
2024-06-24,evaporated milk,Rainy,False,False,855,2254.0,1135.0,3509.0,1198.0,1034.8809,Understock Risk
2024-06-24,evaporated milk,Rainy,True,False,601,855.0,2254.0,548.0,1211.25,642.5045,Normal
2024-06-24,evaporated milk,Sunny,False,False,4004,601.0,855.0,1135.0,1928.5,4647.3657,Normal
2024-06-24,evaporated milk,Sunny,True,False,982,4004.0,601.0,2254.0,1610.5,1220.8314,Understock Risk
2024-07-01,evaporated milk,Cloudy,False,False,1606,982.0,4004.0,855.0,1798.25,1850.142,Normal
2024-07-01,evaporated milk,Cloudy,False,True,377,1606.0,982.0,601.0,1742.25,539.67035,Understock Risk
2024-07-01,evaporated milk,Cloudy,True,False,2023,377.0,1606.0,4004.0,1247.0,1444.5765,Overstock Risk
2024-07-01,evaporated milk,Rainy,False,False,2273,2023.0,377.0,982.0,1569.75,1641.2454,Overstock Risk
2024-07-01,evaporated milk,Rainy,False,True,631,2273.0,2023.0,1606.0,1326.0,536.26154,Normal
2024-07-01,evaporated milk,Sunny,False,False,3688,631.0,2273.0,377.0,2153.75,4181.4927,Normal
2024-07-01,evaporated milk,Sunny,True,False,2940,3688.0,631.0,2023.0,2383.0,2614.1912,Normal
2024-07-08,evaporated milk,Cloudy,False,False,3658,2940.0,3688.0,2273.0,2729.25,3198.4868,Normal
2024-07-08,evaporated milk,Cloudy,True,False,2585,3658.0,2940.0,631.0,3217.75,2242.9155,Normal
2024-07-08,evaporated milk,Rainy,False,False,1881,2585.0,3658.0,3688.0,2766.0,1899.1259,Normal
2024-07-08,evaporated milk,Sunny,False,False,4058,1881.0,2585.0,2940.0,3045.5,5099.549,Understock Risk
2024-07-08,evaporated milk,Sunny,True,False,1165,4058.0,1881.0,3658.0,2422.25,1456.8518,Understock Risk
2024-07-15,evaporated milk,Cloudy,False,False,1233,1165.0,4058.0,2585.0,2084.25,1794.1655,Understock Risk
2024-07-15,evaporated milk,Cloudy,True,False,2208,1233.0,1165.0,1881.0,2166.0,1917.4971,Normal
2024-07-15,evaporated milk,Cloudy,True,True,931,2208.0,1233.0,4058.0,1384.25,947.69916,Normal
2024-07-15,evaporated milk,Rainy,False,False,1483,931.0,2208.0,1165.0,1463.75,1306.691,Normal
2024-07-15,evaporated milk,Sunny,False,False,3220,1483.0,931.0,1233.0,1960.5,3415.8892,Normal
2024-07-15,evaporated milk,Sunny,False,True,939,3220.0,1483.0,2208.0,1643.25,694.2009,Overstock Risk
2024-07-15,evaporated milk,Sunny,True,False,1866,939.0,3220.0,931.0,1877.0,1701.283,Normal
2024-07-22,evaporated milk,Cloudy,False,False,3476,1866.0,939.0,1483.0,2375.25,2881.5098,Normal
2024-07-22,evaporated milk,Rainy,False,False,331,3476.0,1866.0,3220.0,1653.0,844.2123,Understock Risk
2024-07-22,evaporated milk,Rainy,True,False,777,331.0,3476.0,939.0,1612.5,954.8519,Understock Risk
2024-07-22,evaporated milk,Sunny,False,False,6151,777.0,331.0,1866.0,2683.75,6073.986,Normal
2024-07-22,evaporated milk,Sunny,False,True,885,6151.0,777.0,3476.0,2036.0,641.6385,Overstock Risk
2024-07-22,evaporated milk,Sunny,True,False,1605,885.0,6151.0,331.0,2354.5,1705.9403,Normal
2024-07-29,evaporated milk,Cloudy,False,False,694,1605.0,885.0,777.0,2333.75,1734.9536,Understock Risk
2024-07-29,evaporated milk,Cloudy,True,False,1245,694.0,1605.0,6151.0,1107.25,1022.3199,Normal
2024-07-29,evaporated milk,Rainy,False,False,2179,1245.0,694.0,885.0,1430.75,1553.6234,Overstock Risk
2024-07-29,evaporated milk,Sunny,False,False,976,2179.0,1245.0,1605.0,1273.5,1680.1725,Understock Risk
2024-08-05,evaporated milk,Cloudy,False,False,2857,976.0,2179.0,694.0,1814.25,2194.7202,Overstock Risk
2024-08-05,evaporated milk,Cloudy,True,False,1526,2857.0,976.0,1245.0,1884.5,1380.7693,Normal
2024-08-05,evaporated milk,Rainy,False,False,945,1526.0,2857.0,2179.0,1576.0,1133.2762,Normal
2024-08-05,evaporated milk,Rainy,False,True,1275,945.0,1526.0,976.0,1650.75,1145.1041,Normal
2024-08-05,evaporated milk,Sunny,False,False,5120,1275.0,945.0,2857.0,2216.5,5277.804,Normal
2024-08-05,evaporated milk,Sunny,True,False,1763,5120.0,1275.0,1526.0,2275.75,1492.8823,Normal
2024-08-05,evaporated milk,Sunny,True,True,1352,1763.0,5120.0,945.0,2377.5,1059.3256,Overstock Risk
2024-08-12,evaporated milk,Cloudy,False,False,2594,1352.0,1763.0,1275.0,2707.25,3008.551,Normal
2024-08-12,evaporated milk,Cloudy,True,False,1876,2594.0,1352.0,5120.0,1896.25,1655.038,Normal
2024-08-12,evaporated milk,Rainy,False,False,3292,1876.0,2594.0,1763.0,2278.5,2386.5203,Overstock Risk
2024-08-12,evaporated milk,Sunny,False,False,4795,3292.0,1876.0,1352.0,3139.25,5694.279,Normal
2024-08-12,evaporated milk,Sunny,True,False,3575,4795.0,3292.0,2594.0,3384.5,3287.941,Normal
2024-08-19,evaporated milk,Cloudy,False,False,4100,3575.0,4795.0,1876.0,3940.5,4447.693,Normal
2024-08-19,evaporated milk,Cloudy,True,False,754,4100.0,3575.0,3292.0,3306.0,1166.933,Understock Risk
2024-08-19,evaporated milk,Rainy,False,False,1018,754.0,4100.0,4795.0,2361.75,1616.3348,Understock Risk
2024-08-19,evaporated milk,Sunny,False,False,3345,1018.0,754.0,3575.0,2304.25,4627.1353,Understock Risk
2024-08-19,evaporated milk,Sunny,True,False,2051,3345.0,1018.0,4100.0,1792.0,1607.9283,Overstock Risk
2024-08-26,evaporated milk,Cloudy,False,False,1653,2051.0,3345.0,754.0,2016.75,2075.8684,Understock Risk
2024-08-26,evaporated milk,Cloudy,True,True,1075,1653.0,2051.0,1018.0,2031.0,867.0335,Normal
2024-08-26,evaporated milk,Rainy,False,False,3554,1075.0,1653.0,3345.0,2083.25,2799.6133,Overstock Risk
2024-08-26,evaporated milk,Sunny,False,False,2083,3554.0,1075.0,2051.0,2091.25,2786.562,Understock Risk
2024-08-26,evaporated milk,Sunny,False,True,2247,2083.0,3554.0,1653.0,2239.75,1813.4044,Normal
2024-08-26,evaporated milk,Sunny,True,False,2344,2247.0,2083.0,1075.0,2557.0,2159.8804,Normal
2024-08-26,evaporated milk,Sunny,True,True,1382,2344.0,2247.0,3554.0,2014.0,1067.8438,Overstock Risk
2024-09-02,evaporated milk,Cloudy,False,False,2123,1382.0,2344.0,2083.0,2024.0,2379.8203,Normal
2024-09-02,evaporated milk,Cloudy,False,True,1417,2123.0,1382.0,2247.0,1816.5,958.9104,Overstock Risk
2024-09-02,evaporated milk,Cloudy,True,False,1063,1417.0,2123.0,2344.0,1496.25,1071.7635,Normal
2024-09-02,evaporated milk,Rainy,False,False,2108,1063.0,1417.0,1382.0,1677.75,1952.5123,Normal
2024-09-02,evaporated milk,Sunny,False,False,7124,2108.0,1063.0,2123.0,2928.0,6623.576,Normal
2024-09-02,evaporated milk,Sunny,True,False,1083,7124.0,2108.0,1417.0,2844.5,1090.5654,Normal
2024-09-09,evaporated milk,Cloudy,False,False,2247,1083.0,7124.0,1063.0,3140.5,2261.1772,Normal
2024-09-09,evaporated milk,Rainy,False,False,975,2247.0,1083.0,2108.0,2857.25,1962.3597,Understock Risk
2024-09-09,evaporated milk,Rainy,True,False,819,975.0,2247.0,7124.0,1281.0,897.66956,Normal
2024-09-09,evaporated milk,Sunny,False,False,4325,819.0,975.0,1083.0,2091.5,4415.6016,Normal
2024-09-09,evaporated milk,Sunny,True,False,1991,4325.0,819.0,2247.0,2027.5,1777.6674,Normal
2024-09-16,evaporated milk,Cloudy,False,False,3263,1991.0,4325.0,975.0,2599.5,3006.3372,Normal
2024-09-16,evaporated milk,Cloudy,False,True,765,3263.0,1991.0,819.0,2586.0,733.23663,Normal
2024-09-16,evaporated milk,Rainy,False,False,2123,765.0,3263.0,4325.0,2035.5,1992.506,Normal
2024-09-16,evaporated milk,Rainy,True,False,1264,2123.0,765.0,1991.0,1853.75,1098.19,Normal
2024-09-16,evaporated milk,Sunny,False,False,7516,1264.0,2123.0,3263.0,2917.0,6970.87,Normal
2024-09-16,evaporated milk,Sunny,True,False,2183,7516.0,1264.0,765.0,3271.5,2652.6873,Understock Risk
2024-09-23,evaporated milk,Cloudy,False,False,1753,2183.0,7516.0,2123.0,3179.0,1792.5454,Normal
2024-09-23,evaporated milk,Rainy,False,False,1941,1753.0,2183.0,1264.0,3348.25,1899.6353,Normal
2024-09-23,evaporated milk,Rainy,True,False,922,1941.0,1753.0,7516.0,1699.75,1336.041,Understock Risk
2024-09-23,evaporated milk,Sunny,False,False,4141,922.0,1941.0,2183.0,2189.25,4405.1416,Normal
2024-09-23,evaporated milk,Sunny,True,False,2936,4141.0,922.0,1753.0,2485.0,2207.324,Overstock Risk
2024-09-30,evaporated milk,Cloudy,False,False,3217,2936.0,4141.0,1941.0,2804.0,3103.6533,Normal
2024-09-30,evaporated milk,Rainy,False,False,1301,3217.0,2936.0,922.0,2898.75,1660.021,Understock Risk
2024-09-30,evaporated milk,Sunny,False,False,4691,1301.0,3217.0,4141.0,3036.25,4747.824,Normal
2024-09-30,evaporated milk,Sunny,False,True,850,4691.0,1301.0,2936.0,2514.75,984.6515,Normal
2024-09-30,evaporated milk,Sunny,True,False,785,850.0,4691.0,3217.0,1906.75,988.96454,Understock Risk
2024-10-07,evaporated milk,Cloudy,False,False,2584,785.0,850.0,1301.0,2227.5,3027.822,Normal
2024-10-07,evaporated milk,Rainy,False,False,691,2584.0,785.0,4691.0,1227.5,822.70306,Normal
2024-10-07,evaporated milk,Rainy,True,False,1666,691.0,2584.0,850.0,1431.5,1206.0925,Overstock Risk
2024-10-07,evaporated milk,Sunny,False,False,2662,1666.0,691.0,785.0,1900.75,3373.1765,Understock Risk
2024-10-07,evaporated milk,Sunny,False,True,631,2662.0,1666.0,2584.0,1412.5,734.01587,Normal
2024-10-07,evaporated milk,Sunny,True,False,1876,631.0,2662.0,691.0,1708.75,1920.1719,Normal
2024-10-14,evaporated milk,Cloudy,False,False,5646,1876.0,631.0,1666.0,2703.75,4370.289,Overstock Risk
2024-10-14,evaporated milk,Cloudy,True,False,971,5646.0,1876.0,2662.0,2281.0,930.30493,Normal
2024-10-14,evaporated milk,Rainy,False,False,2218,971.0,5646.0,631.0,2677.75,2080.8857,Normal
2024-10-14,evaporated milk,Rainy,True,False,1333,2218.0,971.0,1876.0,2542.0,1284.9702,Normal
2024-10-14,evaporated milk,Sunny,False,False,6997,1333.0,2218.0,5646.0,2879.75,6792.6104,Normal
2024-10-14,evaporated milk,Sunny,False,True,644,6997.0,1333.0,971.0,2798.0,742.95807,Normal
2024-10-21,evaporated milk,Cloudy,False,False,1042,644.0,6997.0,2218.0,2504.0,1767.0444,Understock Risk
2024-10-21,evaporated milk,Cloudy,False,True,336,1042.0,644.0,1333.0,2254.75,1135.932,Understock Risk
2024-10-21,evaporated milk,Cloudy,True,False,752,336.0,1042.0,6997.0,693.5,854.5366,Normal
2024-10-21,evaporated milk,Rainy,False,False,687,752.0,336.0,644.0,704.25,832.38336,Understock Risk
2024-10-21,evaporated milk,Rainy,True,False,1910,687.0,752.0,1042.0,921.25,1119.8112,Overstock Risk
2024-10-21,evaporated milk,Sunny,False,False,7933,1910.0,687.0,336.0,2820.5,7591.1597,Normal
2024-10-21,evaporated milk,Sunny,False,True,1089,7933.0,1910.0,752.0,2904.75,1018.8099,Normal
2024-10-21,evaporated milk,Sunny,True,False,4347,1089.0,7933.0,687.0,3819.75,4278.2925,Normal
2024-10-28,evaporated milk,Cloudy,False,False,2306,4347.0,1089.0,1910.0,3918.75,4297.8325,Understock Risk
2024-10-28,evaporated milk,Rainy,False,False,3679,2306.0,4347.0,7933.0,2855.25,2329.072,Overstock Risk
2024-10-28,evaporated milk,Sunny,False,False,4097,3679.0,2306.0,1089.0,3607.25,6009.9688,Understock Risk
2024-10-28,evaporated milk,Sunny,True,False,2050,4097.0,3679.0,4347.0,3033.0,1634.696,Overstock Risk
2024-11-04,evaporated milk,Cloudy,False,False,3441,2050.0,4097.0,2306.0,3316.75,3614.4194,Normal
2024-11-04,evaporated milk,Cloudy,True,False,1617,3441.0,2050.0,3679.0,2801.25,1416.0333,Normal
2024-11-04,evaporated milk,Rainy,False,False,1248,1617.0,3441.0,4097.0,2089.0,1577.0785,Understock Risk
2024-11-04,evaporated milk,Rainy,False,True,391,1248.0,1617.0,2050.0,1674.25,1331.5366,Understock Risk
2024-11-04,evaporated milk,Rainy,True,False,816,391.0,1248.0,3441.0,1018.0,902.2837,Normal
2024-11-04,evaporated milk,Sunny,False,False,6986,816.0,391.0,1617.0,2360.25,5124.2046,Overstock Risk
2024-11-11,evaporated milk,Cloudy,False,False,2419,6986.0,816.0,1248.0,2653.0,1998.1763,Normal
2024-11-11,evaporated milk,Cloudy,True,False,760,2419.0,6986.0,391.0,2745.25,723.16766,Normal
2024-11-11,evaporated milk,Rainy,False,False,727,760.0,2419.0,816.0,2723.0,2246.2058,Understock Risk
2024-11-11,evaporated milk,Sunny,False,False,8311,727.0,760.0,6986.0,3054.25,6515.54,Overstock Risk
2024-11-11,evaporated milk,Sunny,False,True,485,8311.0,727.0,2419.0,2570.75,999.1215,Understock Risk
2024-11-18,evaporated milk,Cloudy,False,False,263,485.0,8311.0,760.0,2446.5,1368.7601,Understock Risk
2024-11-18,evaporated milk,Cloudy,False,True,379,263.0,485.0,727.0,2359.5,1911.8442,Understock Risk
2024-11-18,evaporated milk,Rainy,False,False,2159,379.0,263.0,8311.0,821.5,1109.9579,Overstock Risk
2024-11-18,evaporated milk,Sunny,False,False,6588,2159.0,379.0,485.0,2347.25,4425.4316,Overstock Risk
2024-11-18,evaporated milk,Sunny,True,False,2164,6588.0,2159.0,263.0,2822.5,1826.055,Normal
2024-11-25,evaporated milk,Cloudy,True,False,1135,2164.0,6588.0,379.0,3011.5,1152.7716,Normal
2024-11-25,evaporated milk,Rainy,False,False,1796,1135.0,2164.0,2159.0,2920.75,2812.887,Understock Risk
2024-11-25,evaporated milk,Rainy,True,False,463,1796.0,1135.0,6588.0,1389.5,1198.7827,Understock Risk
2024-11-25,evaporated milk,Sunny,False,False,5713,463.0,1796.0,2164.0,2276.75,4932.3105,Normal
2024-11-25,evaporated milk,Sunny,True,False,2065,5713.0,463.0,1135.0,2509.25,1649.2606,Overstock Risk
2024-12-02,evaporated milk,Cloudy,False,False,2525,2065.0,5713.0,1796.0,2691.5,3129.4602,Understock Risk
2024-12-02,evaporated milk,Cloudy,True,False,1066,2525.0,2065.0,463.0,2842.25,1343.1257,Understock Risk
2024-12-02,evaporated milk,Rainy,False,False,3437,1066.0,2525.0,5713.0,2273.25,2709.3035,Overstock Risk
2024-12-02,evaporated milk,Sunny,False,False,4224,3437.0,1066.0,2065.0,2813.0,5036.9077,Normal
2024-12-02,evaporated milk,Sunny,False,True,750,4224.0,3437.0,2525.0,2369.25,720.4852,Normal
2024-12-02,evaporated milk,Sunny,True,False,905,750.0,4224.0,1066.0,2329.0,1842.9554,Understock Risk
2024-12-09,evaporated milk,Cloudy,False,False,2621,905.0,750.0,3437.0,2125.0,2862.853,Normal
2024-12-09,evaporated milk,Cloudy,True,False,1648,2621.0,905.0,4224.0,1481.0,1143.3474,Overstock Risk
2024-12-09,evaporated milk,Rainy,False,False,997,1648.0,2621.0,750.0,1542.75,1113.3069,Normal
2024-12-09,evaporated milk,Sunny,False,False,7129,997.0,1648.0,905.0,3098.75,7376.1055,Normal
2024-12-09,evaporated milk,Sunny,True,False,934,7129.0,997.0,2621.0,2677.0,1562.5244,Understock Risk
2024-12-16,evaporated milk,Cloudy,False,False,2142,934.0,7129.0,1648.0,2800.5,2097.6343,Normal
2024-12-16,evaporated milk,Cloudy,True,False,813,2142.0,934.0,997.0,2754.5,1704.7577,Understock Risk
2024-12-16,evaporated milk,Rainy,False,False,1232,813.0,2142.0,7129.0,1280.25,1224.4656,Normal
2024-12-16,evaporated milk,Sunny,False,False,3542,1232.0,813.0,934.0,1932.25,4194.1353,Normal
2024-12-16,evaporated milk,Sunny,False,True,854,3542.0,1232.0,2142.0,1610.25,469.82602,Overstock Risk
2024-12-16,evaporated milk,Sunny,True,False,809,854.0,3542.0,813.0,1609.25,1329.4482,Understock Risk
2024-12-23,evaporated milk,Cloudy,False,False,5185,809.0,854.0,1232.0,2597.5,3225.6616,Overstock Risk
2024-12-23,evaporated milk,Cloudy,True,False,686,5185.0,809.0,3542.0,1883.5,1005.9966,Understock Risk
2024-12-23,evaporated milk,Rainy,False,False,1922,686.0,5185.0,854.0,2150.5,2148.5159,Normal
2024-12-23,evaporated milk,Sunny,False,False,5881,1922.0,686.0,809.0,3418.5,8042.0293,Understock Risk
2024-12-23,evaporated milk,Sunny,False,True,1026,5881.0,1922.0,5185.0,2378.75,550.6054,Overstock Risk
2024-12-23,evaporated milk,Sunny,True,False,1878,1026.0,5881.0,686.0,2676.75,2336.0337,Understock Risk
2024-12-30,evaporated milk,Cloudy,False,False,2092,1878.0,1026.0,1922.0,2719.25,3291.4976,Understock Risk
2024-12-30,evaporated milk,Rainy,False,False,883,2092.0,1878.0,5881.0,1469.75,981.5729,Normal
2024-12-30,evaporated milk,Sunny,False,False,1628,883.0,2092.0,1026.0,1620.25,3144.3079,Understock Risk
2024-01-01,kaya,Sunny,False,False,3512,762.0,2233.0,1085.0,1808.25,3293.8403,Normal
2024-01-01,kaya,Sunny,False,True,431,3512.0,762.0,726.0,1734.5,408.6927,Normal
2024-01-01,kaya,Sunny,True,False,1418,431.0,3512.0,2233.0,1530.75,1231.7512,Normal
2024-01-08,kaya,Cloudy,False,False,682,1418.0,431.0,762.0,1510.75,1272.7173,Understock Risk
2024-01-08,kaya,Cloudy,False,True,740,682.0,1418.0,3512.0,817.75,712.1559,Normal
2024-01-08,kaya,Cloudy,True,False,667,740.0,682.0,431.0,876.75,701.68646,Normal
2024-01-08,kaya,Rainy,False,False,1519,667.0,740.0,1418.0,902.0,1258.461,Normal
2024-01-08,kaya,Sunny,False,False,3348,1519.0,667.0,682.0,1568.5,2821.0693,Normal
2024-01-08,kaya,Sunny,True,False,1071,3348.0,1519.0,740.0,1651.25,1300.463,Understock Risk
2024-01-15,kaya,Cloudy,False,False,2646,1071.0,3348.0,667.0,2146.0,2462.163,Normal
2024-01-15,kaya,Cloudy,True,False,1435,2646.0,1071.0,1519.0,2125.0,1275.836,Normal
2024-01-15,kaya,Rainy,False,False,632,1435.0,2646.0,3348.0,1446.0,806.8287,Understock Risk
2024-01-15,kaya,Rainy,True,False,908,632.0,1435.0,1071.0,1405.25,1161.57,Understock Risk
2024-01-15,kaya,Sunny,False,False,2838,908.0,632.0,2646.0,1453.25,2903.0945,Normal
2024-01-15,kaya,Sunny,True,False,1068,2838.0,908.0,1435.0,1361.5,1194.5294,Normal
2024-01-22,kaya,Cloudy,False,False,1948,1068.0,2838.0,632.0,1690.5,1965.1112,Normal
2024-01-22,kaya,Rainy,False,False,1860,1948.0,1068.0,908.0,1928.5,1703.2225,Normal
2024-01-22,kaya,Sunny,False,False,4164,1860.0,1948.0,2838.0,2260.0,4316.791,Normal
2024-01-22,kaya,Sunny,True,False,1634,4164.0,1860.0,1068.0,2401.5,1546.9426,Normal
2024-01-22,kaya,Sunny,True,True,716,1634.0,4164.0,1948.0,2093.5,584.3364,Normal
2024-01-29,kaya,Cloudy,False,False,822,716.0,1634.0,1860.0,1834.0,1552.0754,Understock Risk
2024-01-29,kaya,Rainy,False,False,1804,822.0,716.0,4164.0,1244.0,1448.4054,Normal
2024-01-29,kaya,Rainy,True,False,806,1804.0,822.0,1634.0,1037.0,729.06213,Normal
2024-01-29,kaya,Sunny,False,False,2872,806.0,1804.0,716.0,1576.0,2965.3745,Normal
2024-01-29,kaya,Sunny,False,True,1017,2872.0,806.0,822.0,1624.75,1010.1852,Normal
2024-01-29,kaya,Sunny,True,False,874,1017.0,2872.0,1804.0,1392.25,962.66907,Normal
2024-02-05,kaya,Cloudy,False,False,2962,874.0,1017.0,806.0,1931.25,2726.595,Normal
2024-02-05,kaya,Cloudy,True,False,686,2962.0,874.0,2872.0,1384.75,961.1093,Understock Risk
2024-02-05,kaya,Rainy,False,False,2499,686.0,2962.0,1017.0,1755.25,1942.1334,Overstock Risk
2024-02-05,kaya,Rainy,False,True,832,2499.0,686.0,874.0,1744.75,620.2126,Overstock Risk
2024-02-05,kaya,Sunny,False,False,1449,832.0,2499.0,2962.0,1366.5,1747.5071,Understock Risk
2024-02-05,kaya,Sunny,True,False,1270,1449.0,832.0,686.0,1512.5,1544.898,Understock Risk
2024-02-12,kaya,Cloudy,False,False,5393,1270.0,1449.0,2499.0,2236.0,4659.633,Normal
2024-02-12,kaya,Cloudy,True,False,612,5393.0,1270.0,832.0,2181.0,695.76056,Normal
2024-02-12,kaya,Rainy,False,False,2100,612.0,5393.0,1449.0,2343.75,2030.8807,Normal
2024-02-12,kaya,Sunny,False,False,4015,2100.0,612.0,1270.0,3030.0,4701.445,Normal
2024-02-12,kaya,Sunny,False,True,491,4015.0,2100.0,5393.0,1804.5,379.08453,Overstock Risk
2024-02-12,kaya,Sunny,True,False,2840,491.0,4015.0,612.0,2361.5,2569.2224,Normal
2024-02-19,kaya,Cloudy,False,False,4687,2840.0,491.0,2100.0,3008.25,4292.8916,Normal
2024-02-19,kaya,Cloudy,True,False,633,4687.0,2840.0,4015.0,2162.75,711.0253,Normal
2024-02-19,kaya,Rainy,False,False,2765,633.0,4687.0,491.0,2731.25,2616.727,Normal
2024-02-19,kaya,Rainy,True,False,1832,2765.0,633.0,2840.0,2479.25,1783.0808,Normal
2024-02-19,kaya,Sunny,False,False,4414,1832.0,2765.0,4687.0,2411.0,4458.7793,Normal
2024-02-19,kaya,Sunny,True,False,603,4414.0,1832.0,633.0,2403.5,1063.7577,Understock Risk
2024-02-26,kaya,Cloudy,False,False,1351,603.0,4414.0,2765.0,2050.0,1728.8138,Understock Risk
2024-02-26,kaya,Cloudy,False,True,255,1351.0,603.0,1832.0,1655.75,616.2501,Understock Risk
2024-02-26,kaya,Cloudy,True,False,721,255.0,1351.0,4414.0,732.5,713.1917,Normal
2024-02-26,kaya,Rainy,False,False,1056,721.0,255.0,603.0,845.75,1039.1394,Normal
2024-02-26,kaya,Rainy,True,False,760,1056.0,721.0,1351.0,698.0,671.34485,Normal
2024-02-26,kaya,Sunny,False,False,4852,760.0,1056.0,255.0,1847.25,4496.9214,Normal
2024-02-26,kaya,Sunny,False,True,429,4852.0,760.0,721.0,1774.25,371.2582,Normal
2024-02-26,kaya,Sunny,True,False,1481,429.0,4852.0,1056.0,1880.5,1503.5355,Normal
2024-02-26,kaya,Sunny,True,True,852,1481.0,429.0,760.0,1903.5,927.25507,Normal
2024-03-04,kaya,Cloudy,False,False,1912,852.0,1481.0,4852.0,1168.5,1700.0605,Normal
2024-03-04,kaya,Cloudy,True,False,2497,1912.0,852.0,429.0,1685.5,2002.0806,Normal
2024-03-04,kaya,Rainy,False,False,1248,2497.0,1912.0,1481.0,1627.25,1173.3987,Normal
2024-03-04,kaya,Rainy,True,False,1763,1248.0,2497.0,852.0,1855.0,1598.1486,Normal
2024-03-04,kaya,Sunny,False,False,1541,1763.0,1248.0,1912.0,1762.25,2164.1438,Understock Risk
2024-03-04,kaya,Sunny,True,False,2189,1541.0,1763.0,2497.0,1685.25,2082.0063,Normal
2024-03-11,kaya,Cloudy,False,False,3033,2189.0,1541.0,1248.0,2131.5,2310.8628,Overstock Risk
2024-03-11,kaya,Cloudy,True,False,933,3033.0,2189.0,1763.0,1924.0,1025.7096,Normal
2024-03-11,kaya,Rainy,False,False,916,933.0,3033.0,1541.0,1767.75,1389.2181,Understock Risk
2024-03-11,kaya,Sunny,False,False,3865,916.0,933.0,2189.0,2186.75,4523.2886,Normal
2024-03-11,kaya,Sunny,True,False,2547,3865.0,916.0,3033.0,2065.25,2108.3767,Normal
2024-03-18,kaya,Cloudy,False,False,1737,2547.0,3865.0,933.0,2266.25,1922.7977,Normal
2024-03-18,kaya,Cloudy,False,True,607,1737.0,2547.0,916.0,2189.0,738.19904,Understock Risk
2024-03-18,kaya,Cloudy,True,False,595,607.0,1737.0,3865.0,1371.5,1139.2113,Understock Risk
2024-03-18,kaya,Rainy,False,False,694,595.0,607.0,2547.0,908.25,1039.1349,Understock Risk
2024-03-18,kaya,Rainy,False,True,959,694.0,595.0,1737.0,713.75,748.6603,Overstock Risk
2024-03-18,kaya,Rainy,True,False,721,959.0,694.0,607.0,742.25,630.9876,Normal
2024-03-18,kaya,Sunny,False,False,3085,721.0,959.0,595.0,1364.75,2719.824,Normal
2024-03-18,kaya,Sunny,True,False,902,3085.0,721.0,694.0,1416.75,1103.8049,Understock Risk
2024-03-25,kaya,Cloudy,False,False,2748,902.0,3085.0,959.0,1864.0,2496.8662,Normal
2024-03-25,kaya,Cloudy,True,False,784,2748.0,902.0,721.0,1879.75,942.9837,Understock Risk
2024-03-25,kaya,Rainy,False,False,523,784.0,2748.0,3085.0,1239.25,558.46844,Normal
2024-03-25,kaya,Rainy,True,False,933,523.0,784.0,902.0,1247.0,1128.399,Understock Risk
2024-03-25,kaya,Sunny,False,False,4557,933.0,523.0,2748.0,1699.25,3850.4639,Normal
2024-03-25,kaya,Sunny,False,True,656,4557.0,933.0,784.0,1667.25,517.6125,Overstock Risk
2024-03-25,kaya,Sunny,True,False,1263,656.0,4557.0,523.0,1852.25,1426.2797,Normal
2024-04-01,kaya,Cloudy,False,False,1741,1263.0,656.0,933.0,2054.25,2266.316,Understock Risk
2024-04-01,kaya,Rainy,False,False,364,1741.0,1263.0,4557.0,1006.0,742.16815,Understock Risk
2024-04-01,kaya,Sunny,False,False,5646,364.0,1741.0,656.0,2253.5,5673.526,Normal
2024-04-08,kaya,Cloudy,False,False,2007,5646.0,364.0,1263.0,2439.5,2081.2524,Normal
2024-04-08,kaya,Cloudy,True,False,742,2007.0,5646.0,1741.0,2189.75,786.11096,Normal
2024-04-08,kaya,Rainy,False,False,703,742.0,2007.0,364.0,2274.5,1204.7107,Understock Risk
2024-04-08,kaya,Sunny,False,False,2096,703.0,742.0,5646.0,1387.0,2383.5798,Normal
2024-04-08,kaya,Sunny,False,True,230,2096.0,703.0,2007.0,942.75,280.01636,Understock Risk
2024-04-08,kaya,Sunny,True,False,1641,230.0,2096.0,742.0,1167.5,1546.0493,Normal
2024-04-15,kaya,Cloudy,False,False,2958,1641.0,230.0,703.0,1731.25,2567.0088,Normal
2024-04-15,kaya,Cloudy,True,False,2083,2958.0,1641.0,2096.0,1728.0,1557.0428,Overstock Risk
2024-04-15,kaya,Rainy,False,False,506,2083.0,2958.0,230.0,1797.0,724.30554,Understock Risk
2024-04-15,kaya,Sunny,False,False,5760,506.0,2083.0,1641.0,2826.75,6196.503,Normal
2024-04-15,kaya,Sunny,False,True,884,5760.0,506.0,2958.0,2308.25,916.9933,Normal
2024-04-15,kaya,Sunny,True,False,1619,884.0,5760.0,2083.0,2192.25,1634.1982,Normal
2024-04-22,kaya,Cloudy,False,False,1692,1619.0,884.0,506.0,2488.75,1975.9259,Normal
2024-04-22,kaya,Rainy,False,False,1304,1692.0,1619.0,5760.0,1374.75,1221.1976,Normal
2024-04-22,kaya,Rainy,True,False,694,1304.0,1692.0,884.0,1327.25,840.56866,Understock Risk
2024-04-22,kaya,Sunny,False,False,2681,694.0,1304.0,1619.0,1592.75,3050.41,Normal
2024-04-22,kaya,Sunny,False,True,869,2681.0,694.0,1692.0,1387.0,707.6857,Normal
2024-04-22,kaya,Sunny,True,False,621,869.0,2681.0,1304.0,1216.25,763.6109,Understock Risk
2024-04-29,kaya,Cloudy,False,False,1743,621.0,869.0,694.0,1478.5,1684.0691,Normal
2024-04-29,kaya,Cloudy,True,False,2271,1743.0,621.0,2681.0,1376.0,1580.8513,Overstock Risk
2024-04-29,kaya,Rainy,False,False,3465,2271.0,1743.0,869.0,2025.0,2468.6892,Overstock Risk
2024-04-29,kaya,Rainy,True,False,1470,3465.0,2271.0,621.0,2237.25,1157.607,Overstock Risk
2024-04-29,kaya,Sunny,False,False,1501,1470.0,3465.0,1743.0,2176.75,2246.742,Understock Risk
2024-04-29,kaya,Sunny,True,False,504,1501.0,1470.0,2271.0,1735.0,1275.4484,Understock Risk
2024-05-06,kaya,Cloudy,False,False,3305,504.0,1501.0,3465.0,1695.0,2797.6592,Normal
2024-05-06,kaya,Cloudy,True,False,709,3305.0,504.0,1470.0,1504.75,872.7817,Understock Risk
2024-05-06,kaya,Rainy,False,False,901,709.0,3305.0,1501.0,1354.75,1017.7523,Normal
2024-05-06,kaya,Sunny,False,False,5268,901.0,709.0,504.0,2545.75,5534.2827,Normal
2024-05-13,kaya,Cloudy,False,False,2017,5268.0,901.0,3305.0,2223.75,2091.269,Normal
2024-05-13,kaya,Cloudy,True,False,925,2017.0,5268.0,709.0,2277.75,1043.962,Normal
2024-05-13,kaya,Rainy,False,False,2093,925.0,2017.0,901.0,2575.75,2090.9375,Normal
2024-05-13,kaya,Sunny,False,False,1749,2093.0,925.0,5268.0,1696.0,2226.5085,Understock Risk
2024-05-13,kaya,Sunny,True,False,1296,1749.0,2093.0,2017.0,1515.75,1311.558,Normal
2024-05-20,kaya,Cloudy,False,False,2590,1296.0,1749.0,925.0,1932.0,2620.6143,Normal
2024-05-20,kaya,Rainy,False,False,2461,2590.0,1296.0,2093.0,2024.0,2057.0847,Normal
2024-05-20,kaya,Sunny,False,False,3017,2461.0,2590.0,1749.0,2341.0,3315.2383,Normal
2024-05-27,kaya,Cloudy,False,False,4294,3017.0,2461.0,1296.0,3090.5,3953.281,Normal
2024-05-27,kaya,Cloudy,True,False,784,4294.0,3017.0,2590.0,2639.0,1003.17126,Understock Risk
2024-05-27,kaya,Rainy,False,False,1188,784.0,4294.0,2461.0,2320.75,1470.8644,Understock Risk
2024-05-27,kaya,Rainy,False,True,546,1188.0,784.0,3017.0,1703.0,878.7232,Understock Risk
2024-05-27,kaya,Sunny,False,False,1013,546.0,1188.0,4294.0,882.75,1233.8793,Understock Risk
2024-05-27,kaya,Sunny,True,False,1099,1013.0,546.0,784.0,961.5,1129.9509,Normal
2024-06-03,kaya,Cloudy,False,False,1900,1099.0,1013.0,1188.0,1139.5,1463.956,Overstock Risk
2024-06-03,kaya,Cloudy,False,True,557,1900.0,1099.0,546.0,1142.25,416.47186,Overstock Risk
2024-06-03,kaya,Cloudy,True,False,1651,557.0,1900.0,1013.0,1301.75,1251.9103,Overstock Risk
2024-06-03,kaya,Rainy,False,False,1636,1651.0,557.0,1099.0,1436.0,1294.1818,Overstock Risk
2024-06-03,kaya,Rainy,True,False,493,1636.0,1651.0,1900.0,1084.25,450.1585,Normal
2024-06-03,kaya,Sunny,False,False,4350,493.0,1636.0,557.0,2032.5,4468.1445,Normal
2024-06-03,kaya,Sunny,True,False,2431,4350.0,493.0,1651.0,2227.5,2331.5671,Normal
2024-06-10,kaya,Cloudy,False,False,2941,2431.0,4350.0,1636.0,2553.75,2686.6128,Normal
2024-06-10,kaya,Cloudy,False,True,558,2941.0,2431.0,493.0,2570.0,666.15906,Normal
2024-06-10,kaya,Rainy,False,False,922,558.0,2941.0,4350.0,1713.0,1363.0693,Understock Risk
2024-06-10,kaya,Sunny,False,False,4579,922.0,558.0,2431.0,2250.0,5057.3447,Normal
2024-06-10,kaya,Sunny,True,False,2193,4579.0,922.0,2941.0,2063.0,1947.3242,Normal
2024-06-17,kaya,Cloudy,False,False,1850,2193.0,4579.0,558.0,2386.0,2067.5542,Normal
2024-06-17,kaya,Cloudy,True,False,619,1850.0,2193.0,922.0,2310.25,967.1241,Understock Risk
2024-06-17,kaya,Rainy,False,False,1934,619.0,1850.0,4579.0,1649.0,1856.934,Normal
2024-06-17,kaya,Rainy,True,False,576,1934.0,619.0,2193.0,1244.75,975.4973,Understock Risk
2024-06-17,kaya,Sunny,False,False,2555,576.0,1934.0,1850.0,1421.0,2503.9712,Normal
2024-06-24,kaya,Cloudy,False,False,2043,2555.0,576.0,619.0,1777.0,1767.2748,Normal
2024-06-24,kaya,Cloudy,True,False,677,2043.0,2555.0,1934.0,1462.75,771.88934,Normal
2024-06-24,kaya,Rainy,False,False,1339,677.0,2043.0,576.0,1653.5,1764.4829,Understock Risk
2024-06-24,kaya,Rainy,False,True,972,1339.0,677.0,2555.0,1257.75,872.028,Normal
2024-06-24,kaya,Rainy,True,False,817,972.0,1339.0,2043.0,951.25,636.40753,Overstock Risk
2024-06-24,kaya,Sunny,False,False,1330,817.0,972.0,677.0,1114.5,1903.3628,Understock Risk
2024-06-24,kaya,Sunny,True,False,3118,1330.0,817.0,1339.0,1559.25,2426.176,Overstock Risk
2024-07-01,kaya,Cloudy,False,False,1771,3118.0,1330.0,972.0,1759.0,1605.6981,Normal
2024-07-01,kaya,Rainy,False,False,1028,1771.0,3118.0,817.0,1811.75,1174.0835,Normal
2024-07-01,kaya,Rainy,True,False,1010,1028.0,1771.0,1330.0,1731.75,1297.4633,Understock Risk
2024-07-01,kaya,Sunny,False,False,3893,1010.0,1028.0,3118.0,1925.5,4168.3706,Normal
2024-07-01,kaya,Sunny,False,True,393,3893.0,1010.0,1771.0,1581.0,457.2551,Normal
2024-07-01,kaya,Sunny,True,False,1867,393.0,3893.0,1028.0,1790.75,1664.4048,Normal
2024-07-08,kaya,Cloudy,False,False,2288,1867.0,393.0,1010.0,2110.25,2325.0674,Normal
2024-07-08,kaya,Cloudy,True,False,1416,2288.0,1867.0,3893.0,1491.0,1061.7278,Overstock Risk
2024-07-08,kaya,Rainy,False,False,1720,1416.0,2288.0,393.0,1822.75,1545.2023,Normal
2024-07-08,kaya,Rainy,True,True,603,1720.0,1416.0,1867.0,1506.75,595.18604,Normal
2024-07-08,kaya,Sunny,False,False,2362,603.0,1720.0,2288.0,1525.25,2787.7803,Normal
2024-07-08,kaya,Sunny,True,False,1900,2362.0,603.0,1416.0,1646.25,1614.6599,Normal
2024-07-15,kaya,Cloudy,False,False,1398,1900.0,2362.0,1720.0,1565.75,1555.9937,Normal
2024-07-15,kaya,Rainy,False,False,151,1398.0,1900.0,603.0,1452.75,737.66394,Understock Risk
2024-07-15,kaya,Rainy,True,False,1265,151.0,1398.0,2362.0,1178.5,1241.4076,Normal
2024-07-15,kaya,Sunny,False,False,2709,1265.0,151.0,1900.0,1380.75,2738.3853,Normal
2024-07-15,kaya,Sunny,True,False,1533,2709.0,1265.0,1398.0,1414.5,1115.6263,Overstock Risk
2024-07-22,kaya,Cloudy,False,False,2564,1533.0,2709.0,151.0,2017.75,2380.0427,Normal
2024-07-22,kaya,Rainy,False,False,1348,2564.0,1533.0,1265.0,2038.5,1639.7627,Understock Risk
2024-07-22,kaya,Sunny,False,False,3805,1348.0,2564.0,2709.0,2312.5,3983.651,Normal
2024-07-22,kaya,Sunny,False,True,393,3805.0,1348.0,1533.0,2027.5,688.093,Understock Risk
2024-07-22,kaya,Sunny,True,False,909,393.0,3805.0,2564.0,1613.75,937.5958,Normal
2024-07-29,kaya,Cloudy,False,False,2034,909.0,393.0,1348.0,1785.25,2147.869,Normal
2024-07-29,kaya,Cloudy,True,False,1569,2034.0,909.0,3805.0,1226.25,1204.8912,Overstock Risk
2024-07-29,kaya,Rainy,False,False,1840,1569.0,2034.0,393.0,1588.0,1357.3455,Overstock Risk
2024-07-29,kaya,Rainy,True,True,817,1840.0,1569.0,909.0,1565.0,694.149,Normal
2024-07-29,kaya,Sunny,False,False,2863,817.0,1840.0,2034.0,1772.25,2957.5076,Normal
2024-07-29,kaya,Sunny,True,True,887,2863.0,817.0,1569.0,1601.75,868.5666,Normal
2024-08-05,kaya,Cloudy,False,False,2183,887.0,2863.0,1840.0,1687.5,1996.7218,Normal
2024-08-05,kaya,Cloudy,True,False,908,2183.0,887.0,817.0,1710.25,1026.99,Normal
2024-08-05,kaya,Rainy,False,False,1042,908.0,2183.0,2863.0,1255.0,1027.657,Normal
2024-08-05,kaya,Sunny,False,False,5122,1042.0,908.0,887.0,2313.75,4964.406,Normal
2024-08-05,kaya,Sunny,True,False,820,5122.0,1042.0,2183.0,1973.0,1043.7274,Understock Risk
2024-08-12,kaya,Cloudy,False,False,2239,820.0,5122.0,908.0,2305.75,2164.2827,Normal
2024-08-12,kaya,Rainy,False,False,915,2239.0,820.0,1042.0,2274.0,1359.4493,Understock Risk
2024-08-12,kaya,Rainy,True,False,556,915.0,2239.0,5122.0,1132.5,568.3708,Normal
2024-08-12,kaya,Sunny,False,False,1971,556.0,915.0,820.0,1420.25,2481.9307,Understock Risk
2024-08-12,kaya,Sunny,False,True,465,1971.0,556.0,2239.0,976.75,501.61316,Normal
2024-08-12,kaya,Sunny,True,False,1445,465.0,1971.0,915.0,1109.25,1344.5847,Normal
2024-08-19,kaya,Cloudy,False,False,4861,1445.0,465.0,556.0,2185.5,3983.9397,Normal
2024-08-19,kaya,Rainy,False,False,1157,4861.0,1445.0,1971.0,1982.0,1182.3036,Normal
2024-08-19,kaya,Sunny,False,False,5661,1157.0,4861.0,465.0,3281.0,5883.854,Normal
2024-08-19,kaya,Sunny,False,True,762,5661.0,1157.0,1445.0,3110.25,919.723,Understock Risk
2024-08-26,kaya,Cloudy,False,False,3052,762.0,5661.0,4861.0,2658.0,2889.43,Normal
2024-08-26,kaya,Cloudy,True,False,862,3052.0,762.0,1157.0,2584.25,909.19543,Normal
2024-08-26,kaya,Rainy,False,False,3634,862.0,3052.0,5661.0,2077.5,3022.528,Normal
2024-08-26,kaya,Rainy,True,False,499,3634.0,862.0,762.0,2011.75,659.62134,Understock Risk
2024-08-26,kaya,Sunny,False,False,2500,499.0,3634.0,3052.0,1873.75,2814.337,Normal
2024-08-26,kaya,Sunny,True,False,1884,2500.0,499.0,862.0,2129.25,1853.7181,Normal
2024-09-02,kaya,Cloudy,False,False,1639,1884.0,2500.0,3634.0,1630.5,1507.1141,Normal
2024-09-02,kaya,Cloudy,False,True,460,1639.0,1884.0,499.0,1620.75,440.10358,Normal
2024-09-02,kaya,Cloudy,True,False,804,460.0,1639.0,2500.0,1196.75,1061.358,Understock Risk
2024-09-02,kaya,Rainy,False,False,969,804.0,460.0,1884.0,968.0,986.80634,Normal
2024-09-02,kaya,Rainy,True,False,862,969.0,804.0,1639.0,773.75,808.67267,Normal
2024-09-02,kaya,Sunny,False,False,2754,862.0,969.0,460.0,1347.25,2691.7524,Normal
2024-09-02,kaya,Sunny,False,True,801,2754.0,862.0,804.0,1346.5,654.60065,Normal
2024-09-02,kaya,Sunny,True,False,1582,801.0,2754.0,969.0,1499.75,1437.289,Normal
2024-09-09,kaya,Cloudy,False,False,2425,1582.0,801.0,862.0,1890.5,2290.181,Normal
2024-09-09,kaya,Rainy,False,False,816,2425.0,1582.0,2754.0,1406.0,1146.0566,Understock Risk
2024-09-09,kaya,Rainy,True,False,1854,816.0,2425.0,801.0,1669.25,1631.8245,Normal
2024-09-09,kaya,Sunny,False,False,1424,1854.0,816.0,1582.0,1629.75,2154.6067,Understock Risk
2024-09-09,kaya,Sunny,True,False,799,1424.0,1854.0,2425.0,1223.25,834.9167,Normal
2024-09-16,kaya,Cloudy,False,False,2521,799.0,1424.0,816.0,1649.5,2369.5972,Normal
2024-09-16,kaya,Rainy,False,False,1416,2521.0,799.0,1854.0,1540.0,1346.2905,Normal
2024-09-16,kaya,Rainy,False,True,374,1416.0,2521.0,1424.0,1277.5,256.18616,Overstock Risk
2024-09-16,kaya,Rainy,True,False,936,374.0,1416.0,799.0,1311.75,1046.2366,Normal
2024-09-16,kaya,Sunny,False,False,1712,936.0,374.0,2521.0,1109.5,2016.6212,Normal
2024-09-16,kaya,Sunny,True,False,651,1712.0,936.0,1416.0,918.25,818.17755,Understock Risk
2024-09-23,kaya,Cloudy,False,False,1734,651.0,1712.0,374.0,1258.25,1523.1329,Normal
2024-09-23,kaya,Cloudy,False,True,640,1734.0,651.0,936.0,1184.25,569.28357,Normal
2024-09-23,kaya,Cloudy,True,False,725,640.0,1734.0,1712.0,937.5,748.2038,Normal
2024-09-23,kaya,Rainy,False,False,1698,725.0,640.0,651.0,1199.25,1378.1783,Normal
2024-09-23,kaya,Sunny,False,False,3010,1698.0,725.0,1734.0,1518.25,2640.582,Normal
2024-09-23,kaya,Sunny,True,False,2108,3010.0,1698.0,640.0,1885.25,1824.8597,Normal
2024-09-30,kaya,Cloudy,False,False,2716,2108.0,3010.0,725.0,2383.0,2431.485,Normal
2024-09-30,kaya,Cloudy,True,False,768,2716.0,2108.0,1698.0,2150.5,1138.7444,Understock Risk
2024-09-30,kaya,Rainy,False,False,796,768.0,2716.0,3010.0,1597.0,1079.9259,Understock Risk
2024-09-30,kaya,Sunny,False,False,2431,796.0,768.0,2108.0,1677.75,3139.3525,Understock Risk
2024-10-07,kaya,Cloudy,False,False,1982,2431.0,796.0,2716.0,1494.25,1846.8025,Normal
2024-10-07,kaya,Cloudy,True,False,784,1982.0,2431.0,768.0,1498.25,857.1554,Normal
2024-10-07,kaya,Rainy,False,False,2233,784.0,1982.0,796.0,1857.5,2015.1501,Normal
2024-10-07,kaya,Rainy,False,True,458,2233.0,784.0,2431.0,1364.25,445.36163,Normal
2024-10-07,kaya,Rainy,True,False,652,458.0,2233.0,1982.0,1031.75,744.4819,Normal
2024-10-07,kaya,Sunny,False,False,4625,652.0,458.0,784.0,1992.0,4441.0454,Normal
2024-10-07,kaya,Sunny,False,True,440,4625.0,652.0,2233.0,1543.75,539.232,Understock Risk
2024-10-07,kaya,Sunny,True,False,1367,440.0,4625.0,458.0,1771.0,1206.9924,Normal
2024-10-14,kaya,Cloudy,False,False,1712,1367.0,440.0,652.0,2036.0,2029.5768,Normal
2024-10-14,kaya,Cloudy,False,True,726,1712.0,1367.0,4625.0,1061.25,584.0957,Normal
2024-10-14,kaya,Cloudy,True,False,972,726.0,1712.0,440.0,1194.25,883.265,Normal
2024-10-14,kaya,Cloudy,True,True,597,972.0,726.0,1367.0,1001.75,676.8821,Normal
2024-10-14,kaya,Rainy,False,False,1653,597.0,972.0,1712.0,987.0,1231.3312,Overstock Risk
2024-10-14,kaya,Rainy,True,False,627,1653.0,597.0,726.0,962.25,664.61646,Normal
2024-10-14,kaya,Sunny,False,False,3987,627.0,1653.0,972.0,1716.0,3642.365,Normal
2024-10-14,kaya,Sunny,True,False,735,3987.0,627.0,597.0,1750.5,1089.6152,Understock Risk
2024-10-21,kaya,Cloudy,False,False,1719,735.0,3987.0,1653.0,1767.0,1620.1024,Normal
2024-10-21,kaya,Cloudy,True,False,1366,1719.0,735.0,627.0,1951.75,1339.4126,Normal
2024-10-21,kaya,Rainy,False,False,1078,1366.0,1719.0,3987.0,1224.5,1057.7781,Normal
2024-10-21,kaya,Rainy,True,False,645,1078.0,1366.0,735.0,1202.0,856.7862,Understock Risk
2024-10-21,kaya,Sunny,False,False,3444,645.0,1078.0,1719.0,1633.25,3445.7131,Normal
2024-10-21,kaya,Sunny,False,True,428,3444.0,645.0,1366.0,1398.75,520.34326,Understock Risk
2024-10-21,kaya,Sunny,True,False,1161,428.0,3444.0,1078.0,1419.5,994.052,Normal
2024-10-21,kaya,Sunny,True,True,825,1161.0,428.0,645.0,1464.5,979.6702,Normal
2024-10-28,kaya,Cloudy,False,False,4250,825.0,1161.0,3444.0,1666.0,2506.038,Overstock Risk
2024-10-28,kaya,Cloudy,False,True,546,4250.0,825.0,428.0,1695.5,488.14383,Normal
2024-10-28,kaya,Cloudy,True,False,623,546.0,4250.0,1161.0,1561.0,869.33734,Understock Risk
2024-10-28,kaya,Rainy,False,False,1074,623.0,546.0,825.0,1623.25,2015.9602,Understock Risk
2024-10-28,kaya,Sunny,False,False,2597,1074.0,623.0,4250.0,1210.0,2432.9917,Normal
2024-10-28,kaya,Sunny,False,True,790,2597.0,1074.0,546.0,1271.0,328.73575,Overstock Risk
2024-10-28,kaya,Sunny,True,False,1280,790.0,2597.0,623.0,1435.25,1226.0604,Normal
2024-11-04,kaya,Cloudy,False,False,1798,1280.0,790.0,1074.0,1616.25,2094.583,Normal
2024-11-04,kaya,Cloudy,True,False,1531,1798.0,1280.0,2597.0,1349.75,1274.8385,Normal
2024-11-04,kaya,Rainy,False,False,2315,1531.0,1798.0,790.0,1731.0,1226.6644,Overstock Risk
2024-11-04,kaya,Rainy,False,True,421,2315.0,1531.0,1280.0,1516.25,486.00644,Normal
2024-11-04,kaya,Rainy,True,False,654,421.0,2315.0,1798.0,1230.25,909.4523,Understock Risk
2024-11-04,kaya,Sunny,False,False,3216,654.0,421.0,1531.0,1651.5,3479.3784,Normal
2024-11-04,kaya,Sunny,False,True,847,3216.0,654.0,2315.0,1284.5,633.56165,Overstock Risk
2024-11-04,kaya,Sunny,True,False,1217,847.0,3216.0,421.0,1483.5,1209.5256,Normal
2024-11-11,kaya,Cloudy,False,False,1615,1217.0,847.0,654.0,1723.75,2395.9402,Understock Risk
2024-11-11,kaya,Cloudy,True,False,710,1615.0,1217.0,3216.0,1097.25,900.9366,Understock Risk
2024-11-11,kaya,Rainy,False,False,1259,710.0,1615.0,847.0,1200.25,1157.6313,Normal
2024-11-11,kaya,Rainy,True,False,2082,1259.0,710.0,1217.0,1416.5,1129.291,Overstock Risk
2024-11-11,kaya,Sunny,False,False,2846,2082.0,1259.0,1615.0,1724.25,2318.2546,Normal
2024-11-11,kaya,Sunny,False,True,569,2846.0,2082.0,710.0,1689.0,766.5688,Understock Risk
2024-11-11,kaya,Sunny,True,False,2809,569.0,2846.0,1259.0,2076.5,2265.3184,Normal
2024-11-18,kaya,Cloudy,False,False,1833,2809.0,569.0,2082.0,2014.25,2325.1924,Understock Risk
2024-11-18,kaya,Cloudy,False,True,769,1833.0,2809.0,2846.0,1495.0,338.35748,Overstock Risk
2024-11-18,kaya,Cloudy,True,False,823,769.0,1833.0,569.0,1558.5,1267.2135,Understock Risk
2024-11-18,kaya,Rainy,False,False,719,823.0,769.0,2809.0,1036.0,902.51996,Understock Risk
2024-11-18,kaya,Rainy,True,False,1815,719.0,823.0,1833.0,1031.5,1065.6357,Overstock Risk
2024-11-18,kaya,Sunny,False,False,2933,1815.0,719.0,769.0,1572.5,2416.8604,Normal
2024-11-18,kaya,Sunny,True,False,2189,2933.0,1815.0,823.0,1914.0,1742.3159,Overstock Risk
2024-11-25,kaya,Cloudy,False,False,1237,2189.0,2933.0,719.0,2043.5,2016.2793,Understock Risk
2024-11-25,kaya,Cloudy,True,False,796,1237.0,2189.0,1815.0,1788.75,1565.2554,Understock Risk
2024-11-25,kaya,Rainy,False,False,730,796.0,1237.0,2933.0,1238.0,1282.3456,Understock Risk
2024-11-25,kaya,Rainy,True,False,1424,730.0,796.0,2189.0,1046.75,862.44086,Overstock Risk
2024-11-25,kaya,Sunny,False,False,8033,1424.0,730.0,1237.0,2745.75,5971.3647,Overstock Risk
2024-11-25,kaya,Sunny,True,False,866,8033.0,1424.0,796.0,2763.25,1361.2811,Understock Risk
2024-12-02,kaya,Cloudy,False,False,3562,866.0,8033.0,730.0,3471.25,2163.7715,Overstock Risk
2024-12-02,kaya,Cloudy,True,True,476,3562.0,866.0,1424.0,3234.25,1291.1489,Understock Risk
2024-12-02,kaya,Rainy,False,False,1661,476.0,3562.0,8033.0,1641.25,1465.8779,Normal
2024-12-02,kaya,Rainy,False,True,576,1661.0,476.0,866.0,1568.75,927.72205,Understock Risk
2024-12-02,kaya,Rainy,True,False,684,576.0,1661.0,3562.0,849.25,634.0667,Normal
2024-12-02,kaya,Sunny,False,False,3674,684.0,576.0,476.0,1648.75,3576.9824,Normal
2024-12-02,kaya,Sunny,True,False,837,3674.0,684.0,1661.0,1442.75,1246.5323,Understock Risk
2024-12-09,kaya,Cloudy,False,False,2338,837.0,3674.0,576.0,1883.25,2052.9998,Normal
2024-12-09,kaya,Cloudy,True,False,1132,2338.0,837.0,684.0,1995.25,1303.0868,Normal
2024-12-09,kaya,Rainy,False,False,1280,1132.0,2338.0,3674.0,1396.75,1265.2091,Normal
2024-12-09,kaya,Rainy,True,False,784,1280.0,1132.0,837.0,1383.5,1142.9789,Understock Risk
2024-12-09,kaya,Sunny,False,False,5569,784.0,1280.0,2338.0,2191.25,4965.928,Normal
2024-12-09,kaya,Sunny,False,True,374,5569.0,784.0,1132.0,2001.75,456.47556,Understock Risk
2024-12-09,kaya,Sunny,True,False,3039,374.0,5569.0,1280.0,2441.5,1948.3099,Overstock Risk
2024-12-09,kaya,Sunny,True,True,825,3039.0,374.0,784.0,2451.75,1693.7633,Understock Risk
2024-12-16,kaya,Cloudy,False,False,3173,825.0,3039.0,5569.0,1852.75,2418.6072,Overstock Risk
2024-12-16,kaya,Rainy,False,False,1604,3173.0,825.0,374.0,2160.25,1347.6571,Normal
2024-12-16,kaya,Rainy,True,False,2235,1604.0,3173.0,3039.0,1959.25,925.0955,Overstock Risk
2024-12-16,kaya,Sunny,False,False,2239,2235.0,1604.0,825.0,2312.75,4086.0332,Understock Risk
2024-12-23,kaya,Cloudy,False,False,3548,2239.0,2235.0,3173.0,2406.5,2452.5112,Overstock Risk
2024-12-23,kaya,Cloudy,False,True,914,3548.0,2239.0,1604.0,2234.0,848.51215,Normal
2024-12-23,kaya,Cloudy,True,False,722,914.0,3548.0,2235.0,1855.75,1134.1183,Understock Risk
2024-12-23,kaya,Rainy,False,False,1167,722.0,914.0,2239.0,1587.75,1873.2145,Understock Risk
2024-12-23,kaya,Sunny,False,False,5780,1167.0,722.0,3548.0,2145.75,4416.904,Overstock Risk
2024-12-23,kaya,Sunny,True,False,864,5780.0,1167.0,914.0,2133.25,1065.301,Understock Risk
2024-12-23,kaya,Sunny,True,True,716,864.0,5780.0,722.0,2131.75,947.5286,Understock Risk
2024-12-30,kaya,Cloudy,False,False,1722,716.0,864.0,1167.0,2270.5,2489.6006,Understock Risk
2024-12-30,kaya,Rainy,False,False,345,1722.0,716.0,5780.0,911.75,889.3328,Understock Risk
2024-12-30,kaya,Sunny,False,False,1700,345.0,1722.0,864.0,1120.75,2247.7249,Understock Risk
2024-12-30,kaya,Sunny,False,True,453,1700.0,345.0,716.0,1055.0,411.10443,Normal
2024-01-08,rice,Cloudy,False,False,541,1218.0,2820.0,1024.0,1246.5,914.7582,Understock Risk
2024-01-08,rice,Rainy,False,False,293,541.0,1218.0,407.0,1218.0,1244.881,Understock Risk
2024-01-08,rice,Rainy,True,False,380,293.0,541.0,2820.0,608.0,570.2787,Understock Risk
2024-01-08,rice,Sunny,False,False,1877,380.0,293.0,1218.0,772.75,1706.4048,Normal
2024-01-08,rice,Sunny,True,False,1275,1877.0,380.0,541.0,956.25,990.51996,Overstock Risk
2024-01-15,rice,Cloudy,False,False,2042,1275.0,1877.0,293.0,1393.5,1511.9067,Overstock Risk
2024-01-15,rice,Cloudy,False,True,674,2042.0,1275.0,380.0,1467.0,498.39224,Overstock Risk
2024-01-15,rice,Cloudy,True,False,691,674.0,2042.0,1877.0,1170.5,902.5734,Understock Risk
2024-01-15,rice,Rainy,False,False,515,691.0,674.0,1275.0,980.5,1095.3799,Understock Risk
2024-01-15,rice,Rainy,True,False,974,515.0,691.0,2042.0,713.5,725.8365,Overstock Risk
2024-01-15,rice,Sunny,False,False,3127,974.0,515.0,674.0,1326.75,2378.578,Overstock Risk
2024-01-15,rice,Sunny,True,False,1806,3127.0,974.0,691.0,1605.5,1265.4482,Overstock Risk
2024-01-22,rice,Cloudy,False,False,401,1806.0,3127.0,515.0,1577.0,1093.8601,Understock Risk
2024-01-22,rice,Rainy,False,False,979,401.0,1806.0,974.0,1578.25,1731.2831,Understock Risk
2024-01-22,rice,Rainy,True,False,409,979.0,401.0,3127.0,898.75,539.5467,Understock Risk
2024-01-22,rice,Sunny,False,False,1102,409.0,979.0,1806.0,722.75,1467.2139,Understock Risk
2024-01-22,rice,Sunny,True,False,1874,1102.0,409.0,401.0,1091.0,1237.4801,Overstock Risk
2024-01-29,rice,Cloudy,False,False,1657,1874.0,1102.0,979.0,1260.5,1313.055,Overstock Risk
2024-01-29,rice,Cloudy,False,True,391,1657.0,1874.0,409.0,1256.0,358.8766,Normal
2024-01-29,rice,Cloudy,True,False,364,391.0,1657.0,1102.0,1071.5,825.13226,Understock Risk
2024-01-29,rice,Rainy,False,False,2198,364.0,391.0,1874.0,1152.5,1460.8394,Overstock Risk
2024-01-29,rice,Rainy,False,True,526,2198.0,364.0,1657.0,869.75,380.0829,Overstock Risk
2024-01-29,rice,Rainy,True,False,612,526.0,2198.0,391.0,925.0,517.55035,Normal
2024-01-29,rice,Rainy,True,True,687,612.0,526.0,364.0,1005.75,739.7958,Normal
2024-01-29,rice,Sunny,False,False,2665,687.0,612.0,2198.0,1122.5,2113.5747,Overstock Risk
2024-02-05,rice,Cloudy,False,False,552,2665.0,687.0,526.0,1129.0,845.17377,Understock Risk
2024-02-05,rice,Cloudy,True,False,453,552.0,2665.0,612.0,1089.25,606.9648,Understock Risk
2024-02-05,rice,Rainy,False,False,1500,453.0,552.0,687.0,1292.5,1506.892,Normal
2024-02-05,rice,Rainy,True,False,467,1500.0,453.0,2665.0,743.0,538.2141,Normal
2024-02-05,rice,Sunny,False,False,1211,467.0,1500.0,552.0,907.75,1546.1589,Understock Risk
2024-02-05,rice,Sunny,False,True,619,1211.0,467.0,453.0,949.25,706.38165,Normal
2024-02-12,rice,Cloudy,False,False,1496,619.0,1211.0,1500.0,948.25,1106.6421,Overstock Risk
2024-02-12,rice,Cloudy,False,True,560,1496.0,619.0,467.0,971.5,321.4217,Overstock Risk
2024-02-12,rice,Cloudy,True,False,565,560.0,1496.0,1211.0,810.0,578.65643,Normal
2024-02-12,rice,Rainy,False,False,2156,565.0,560.0,619.0,1194.25,1419.8726,Overstock Risk
2024-02-12,rice,Rainy,True,False,538,2156.0,565.0,1496.0,954.75,582.63214,Normal
2024-02-12,rice,Sunny,False,False,3093,538.0,2156.0,560.0,1588.0,2785.5503,Normal
2024-02-12,rice,Sunny,True,False,1015,3093.0,538.0,565.0,1700.5,1351.931,Understock Risk
2024-02-19,rice,Cloudy,False,False,2853,1015.0,3093.0,2156.0,1874.75,2214.3235,Overstock Risk
2024-02-19,rice,Cloudy,False,True,466,2853.0,1015.0,538.0,1856.75,527.3553,Normal
2024-02-19,rice,Cloudy,True,False,665,466.0,2853.0,3093.0,1249.75,659.8207,Normal
2024-02-19,rice,Cloudy,True,True,823,665.0,466.0,1015.0,1201.75,1037.662,Understock Risk
2024-02-19,rice,Rainy,False,False,1454,823.0,665.0,2853.0,852.0,874.60364,Overstock Risk
2024-02-19,rice,Sunny,False,False,2286,1454.0,823.0,466.0,1307.0,2109.926,Normal
2024-02-19,rice,Sunny,True,False,1063,2286.0,1454.0,665.0,1406.5,1094.8746,Normal
2024-02-26,rice,Cloudy,False,False,1223,1063.0,2286.0,823.0,1506.5,1504.6593,Understock Risk
2024-02-26,rice,Cloudy,True,False,479,1223.0,1063.0,1454.0,1262.75,1093.8225,Understock Risk
2024-02-26,rice,Rainy,False,False,1221,479.0,1223.0,2286.0,996.5,1025.0211,Normal
2024-02-26,rice,Sunny,False,False,2132,1221.0,479.0,1063.0,1263.75,2201.8552,Normal
2024-02-26,rice,Sunny,True,False,650,2132.0,1221.0,1223.0,1120.5,747.64844,Normal
2024-03-04,rice,Cloudy,False,False,162,650.0,2132.0,479.0,1041.25,1036.388,Understock Risk
2024-03-04,rice,Rainy,False,False,697,162.0,650.0,1221.0,910.25,996.7397,Understock Risk
2024-03-04,rice,Rainy,True,False,507,697.0,162.0,2132.0,504.0,453.45007,Normal
2024-03-04,rice,Sunny,False,False,2983,507.0,697.0,650.0,1087.25,2280.1433,Overstock Risk
2024-03-04,rice,Sunny,True,False,598,2983.0,507.0,162.0,1196.25,684.8988,Normal
2024-03-11,rice,Cloudy,False,False,494,598.0,2983.0,697.0,1145.5,922.3644,Understock Risk
2024-03-11,rice,Cloudy,False,True,304,494.0,598.0,507.0,1094.75,662.03046,Understock Risk
2024-03-11,rice,Rainy,False,False,1156,304.0,494.0,2983.0,638.0,832.92145,Overstock Risk
2024-03-11,rice,Rainy,True,False,397,1156.0,304.0,598.0,587.75,335.03192,Normal
2024-03-11,rice,Sunny,False,False,2640,397.0,1156.0,494.0,1124.25,2008.875,Overstock Risk
2024-03-11,rice,Sunny,False,True,235,2640.0,397.0,304.0,1107.0,207.06488,Normal
2024-03-11,rice,Sunny,True,False,966,235.0,2640.0,1156.0,1059.5,901.9279,Normal
2024-03-18,rice,Cloudy,False,False,171,966.0,235.0,397.0,1003.0,1047.9084,Understock Risk
2024-03-18,rice,Rainy,False,False,893,171.0,966.0,2640.0,566.25,706.2043,Overstock Risk
2024-03-18,rice,Rainy,True,False,397,893.0,171.0,235.0,606.75,302.24933,Overstock Risk
2024-03-18,rice,Sunny,False,False,1188,397.0,893.0,966.0,662.25,1431.4725,Understock Risk
2024-03-18,rice,Sunny,False,True,380,1188.0,397.0,171.0,714.5,281.42404,Overstock Risk
2024-03-25,rice,Cloudy,False,False,1509,380.0,1188.0,893.0,868.5,985.23065,Overstock Risk
2024-03-25,rice,Rainy,False,False,486,1509.0,380.0,397.0,890.75,776.6744,Understock Risk
2024-03-25,rice,Sunny,False,False,2840,486.0,1509.0,1188.0,1303.75,2409.1353,Normal
2024-03-25,rice,Sunny,True,False,991,2840.0,486.0,380.0,1456.5,1144.1141,Normal
2024-04-01,rice,Cloudy,False,False,1021,991.0,2840.0,1509.0,1334.5,1130.7279,Normal
2024-04-01,rice,Cloudy,True,False,1494,1021.0,991.0,486.0,1586.5,1536.4812,Normal
2024-04-01,rice,Rainy,False,False,569,1494.0,1021.0,2840.0,1018.75,784.50323,Understock Risk
2024-04-01,rice,Sunny,False,False,1898,569.0,1494.0,991.0,1245.5,2307.165,Understock Risk
2024-04-01,rice,Sunny,False,True,370,1898.0,569.0,1021.0,1082.75,506.51215,Understock Risk
2024-04-01,rice,Sunny,True,False,1637,370.0,1898.0,1494.0,1118.5,1166.0961,Overstock Risk
2024-04-08,rice,Cloudy,False,False,1582,1637.0,370.0,569.0,1371.75,1490.5692,Normal
2024-04-08,rice,Cloudy,False,True,394,1582.0,1637.0,1898.0,995.75,231.31096,Overstock Risk
2024-04-08,rice,Cloudy,True,False,1097,394.0,1582.0,370.0,1177.5,922.02515,Normal
2024-04-08,rice,Rainy,False,False,1013,1097.0,394.0,1637.0,1021.5,1022.56586,Normal
2024-04-08,rice,Sunny,False,False,1600,1013.0,1097.0,1582.0,1026.0,1757.1289,Normal
2024-04-08,rice,Sunny,False,True,167,1600.0,1013.0,394.0,969.25,279.14282,Understock Risk
2024-04-15,rice,Cloudy,False,False,1306,167.0,1600.0,1097.0,1021.5,1310.9999,Normal
2024-04-15,rice,Cloudy,False,True,479,1306.0,167.0,1013.0,888.0,330.68854,Overstock Risk
2024-04-15,rice,Cloudy,True,False,532,479.0,1306.0,1600.0,621.0,532.24524,Normal
2024-04-15,rice,Rainy,False,False,1308,532.0,479.0,167.0,906.25,987.0808,Overstock Risk
2024-04-15,rice,Sunny,False,False,2262,1308.0,532.0,1306.0,1145.25,1922.0778,Normal
2024-04-15,rice,Sunny,True,False,406,2262.0,1308.0,479.0,1127.0,514.6861,Understock Risk
2024-04-22,rice,Cloudy,False,False,921,406.0,2262.0,532.0,1224.25,1171.4662,Understock Risk
2024-04-22,rice,Rainy,False,False,983,921.0,406.0,1308.0,1143.0,888.9218,Normal
2024-04-22,rice,Rainy,True,False,187,983.0,921.0,2262.0,624.25,349.6964,Understock Risk
2024-04-22,rice,Sunny,False,False,785,187.0,983.0,406.0,719.0,1449.735,Understock Risk
2024-04-29,rice,Cloudy,False,False,825,785.0,187.0,921.0,695.0,855.7213,Normal
2024-04-29,rice,Rainy,False,False,1001,825.0,785.0,983.0,699.5,785.055,Overstock Risk
2024-04-29,rice,Rainy,False,True,377,1001.0,825.0,187.0,747.0,308.64468,Normal
2024-04-29,rice,Rainy,True,False,657,377.0,1001.0,785.0,715.0,564.08057,Normal
2024-04-29,rice,Sunny,False,False,1741,657.0,377.0,825.0,944.0,1898.8134,Normal
2024-05-06,rice,Cloudy,False,False,1254,1741.0,657.0,1001.0,1007.25,1050.67,Normal
2024-05-06,rice,Rainy,False,False,363,1254.0,1741.0,377.0,1003.75,653.67706,Understock Risk
2024-05-06,rice,Sunny,False,False,1789,363.0,1254.0,657.0,1286.75,2226.314,Understock Risk
2024-05-13,rice,Cloudy,False,False,1301,1789.0,363.0,1741.0,1176.75,1371.4004,Normal
2024-05-13,rice,Cloudy,True,False,775,1301.0,1789.0,1254.0,1057.0,594.6768,Overstock Risk
2024-05-13,rice,Rainy,False,False,1429,775.0,1301.0,363.0,1323.5,1170.1771,Normal
2024-05-13,rice,Sunny,False,False,2610,1429.0,775.0,1789.0,1528.75,2410.3086,Normal
2024-05-13,rice,Sunny,True,False,467,2610.0,1429.0,1301.0,1320.25,831.7804,Understock Risk
2024-05-20,rice,Cloudy,False,False,148,467.0,2610.0,775.0,1163.5,910.0957,Understock Risk
2024-05-20,rice,Cloudy,False,True,453,148.0,467.0,1429.0,919.5,748.25946,Understock Risk
2024-05-20,rice,Rainy,False,False,295,453.0,148.0,2610.0,340.75,561.3934,Understock Risk
2024-05-20,rice,Sunny,False,False,1734,295.0,453.0,467.0,657.5,1605.934,Normal
2024-05-20,rice,Sunny,True,False,686,1734.0,295.0,148.0,792.0,613.0157,Normal
2024-05-27,rice,Cloudy,False,False,1549,686.0,1734.0,453.0,1066.0,1144.0092,Overstock Risk
2024-05-27,rice,Cloudy,True,False,429,1549.0,686.0,295.0,1099.5,737.09033,Understock Risk
2024-05-27,rice,Rainy,False,False,1127,429.0,1549.0,1734.0,947.75,1012.811,Normal
2024-05-27,rice,Sunny,False,False,4038,1127.0,429.0,686.0,1785.75,3313.123,Normal
2024-05-27,rice,Sunny,True,False,383,4038.0,1127.0,1549.0,1494.25,754.4472,Understock Risk
2024-06-03,rice,Cloudy,False,False,973,383.0,4038.0,429.0,1630.25,1357.3206,Understock Risk
2024-06-03,rice,Rainy,False,False,74,973.0,383.0,1127.0,1367.0,1234.7605,Understock Risk
2024-06-03,rice,Rainy,True,False,536,74.0,973.0,4038.0,491.5,623.3669,Normal
2024-06-03,rice,Sunny,False,False,1631,536.0,74.0,383.0,803.5,1617.9813,Normal
2024-06-10,rice,Cloudy,False,False,1607,1631.0,536.0,973.0,962.0,1039.6681,Overstock Risk
2024-06-10,rice,Rainy,False,False,1265,1607.0,1631.0,74.0,1259.75,845.5458,Overstock Risk
2024-06-10,rice,Rainy,True,False,188,1265.0,1607.0,536.0,1172.75,623.8641,Understock Risk
2024-06-10,rice,Sunny,False,False,2113,188.0,1265.0,1631.0,1293.25,2557.0366,Understock Risk
2024-06-10,rice,Sunny,False,True,579,2113.0,188.0,1607.0,1036.25,480.4823,Normal
2024-06-17,rice,Cloudy,False,False,1333,579.0,2113.0,1265.0,1053.25,1071.1881,Normal
2024-06-17,rice,Cloudy,True,False,372,1333.0,579.0,188.0,1099.25,628.58624,Understock Risk
2024-06-17,rice,Rainy,False,False,586,372.0,1333.0,2113.0,717.5,886.6867,Understock Risk
2024-06-17,rice,Rainy,True,False,508,586.0,372.0,579.0,699.75,608.96686,Normal
2024-06-17,rice,Sunny,False,False,968,508.0,586.0,1333.0,608.5,1382.3518,Understock Risk
2024-06-17,rice,Sunny,False,True,741,968.0,508.0,372.0,700.75,431.5488,Overstock Risk
2024-06-17,rice,Sunny,True,False,503,741.0,968.0,586.0,680.0,508.31873,Normal
2024-06-24,rice,Cloudy,False,False,1451,503.0,741.0,508.0,915.75,1294.2351,Normal
2024-06-24,rice,Cloudy,False,True,437,1451.0,503.0,968.0,783.0,335.44012,Overstock Risk
2024-06-24,rice,Rainy,False,False,741,437.0,1451.0,741.0,783.0,869.097,Normal
2024-06-24,rice,Sunny,False,False,835,741.0,437.0,503.0,866.0,1429.8564,Understock Risk
2024-06-24,rice,Sunny,True,False,892,835.0,741.0,1451.0,726.25,758.08246,Normal
2024-07-01,rice,Cloudy,False,False,865,892.0,835.0,437.0,833.25,1000.277,Normal
2024-07-01,rice,Cloudy,True,False,599,865.0,892.0,741.0,797.75,410.65924,Overstock Risk
2024-07-01,rice,Rainy,False,False,330,599.0,865.0,835.0,671.5,666.5642,Understock Risk
2024-07-01,rice,Sunny,False,False,1372,330.0,599.0,892.0,791.5,1557.874,Normal
2024-07-01,rice,Sunny,True,False,1307,1372.0,330.0,865.0,902.0,960.7771,Overstock Risk
2024-07-08,rice,Cloudy,False,False,501,1307.0,1372.0,599.0,877.5,725.2633,Understock Risk
2024-07-08,rice,Cloudy,True,False,1389,501.0,1307.0,330.0,1142.25,967.8325,Overstock Risk
2024-07-08,rice,Rainy,False,False,1460,1389.0,501.0,1372.0,1164.25,958.66956,Overstock Risk
2024-07-08,rice,Sunny,False,False,2891,1460.0,1389.0,1307.0,1560.25,2284.7026,Overstock Risk
2024-07-08,rice,Sunny,False,True,341,2891.0,1460.0,501.0,1520.25,509.03003,Understock Risk
2024-07-08,rice,Sunny,True,False,714,341.0,2891.0,1389.0,1351.5,1097.5822,Understock Risk
2024-07-15,rice,Cloudy,False,False,517,714.0,341.0,1460.0,1115.75,1141.047,Understock Risk
2024-07-15,rice,Rainy,False,False,804,517.0,714.0,2891.0,594.0,736.3704,Normal
2024-07-15,rice,Rainy,True,False,491,804.0,517.0,341.0,631.5,458.97556,Normal
2024-07-15,rice,Sunny,False,False,2973,491.0,804.0,714.0,1196.25,2580.0972,Normal
2024-07-15,rice,Sunny,True,False,798,2973.0,491.0,517.0,1266.5,919.4578,Normal
2024-07-22,rice,Cloudy,False,False,2066,798.0,2973.0,804.0,1582.0,1662.2189,Normal
2024-07-22,rice,Rainy,False,False,735,2066.0,798.0,491.0,1643.0,1353.5172,Understock Risk
2024-07-22,rice,Sunny,False,False,1512,735.0,2066.0,2973.0,1277.75,1737.178,Normal
2024-07-22,rice,Sunny,False,True,397,1512.0,735.0,798.0,1177.5,666.15424,Understock Risk
2024-07-22,rice,Sunny,True,False,1092,397.0,1512.0,2066.0,934.0,890.7167,Normal
2024-07-29,rice,Cloudy,False,False,2367,1092.0,397.0,735.0,1342.0,1684.0017,Overstock Risk
2024-07-29,rice,Cloudy,True,False,844,2367.0,1092.0,1512.0,1175.0,779.6654,Normal
2024-07-29,rice,Rainy,False,False,753,844.0,2367.0,397.0,1264.0,892.7225,Normal
2024-07-29,rice,Rainy,False,True,392,753.0,844.0,1092.0,1089.0,457.17535,Normal
2024-07-29,rice,Sunny,False,False,288,392.0,753.0,2367.0,569.25,1060.7878,Understock Risk
2024-08-05,rice,Cloudy,False,False,686,288.0,392.0,844.0,529.75,751.36707,Normal
2024-08-05,rice,Cloudy,True,True,823,686.0,288.0,753.0,547.25,507.7226,Overstock Risk
2024-08-05,rice,Rainy,False,False,437,823.0,686.0,392.0,558.5,559.9893,Understock Risk
2024-08-05,rice,Rainy,True,False,1102,437.0,823.0,288.0,762.0,856.62585,Overstock Risk
2024-08-05,rice,Sunny,False,False,1147,1102.0,437.0,686.0,877.25,1452.1678,Understock Risk
2024-08-05,rice,Sunny,True,False,1418,1147.0,1102.0,823.0,1026.0,1018.5831,Overstock Risk
2024-08-12,rice,Cloudy,False,False,615,1418.0,1147.0,437.0,1070.5,919.2404,Understock Risk
2024-08-12,rice,Cloudy,True,False,599,615.0,1418.0,1102.0,944.75,719.6282,Understock Risk
2024-08-12,rice,Rainy,False,False,423,599.0,615.0,1147.0,763.75,794.6001,Understock Risk
2024-08-12,rice,Rainy,True,False,442,423.0,599.0,1418.0,519.75,453.0431,Normal
2024-08-12,rice,Sunny,False,False,1580,442.0,423.0,615.0,761.0,1628.3147,Normal
2024-08-12,rice,Sunny,True,False,267,1580.0,442.0,599.0,678.0,477.74078,Understock Risk
2024-08-19,rice,Cloudy,False,False,2360,267.0,1580.0,423.0,1162.25,1672.871,Overstock Risk
2024-08-19,rice,Cloudy,True,False,1118,2360.0,267.0,442.0,1331.25,884.0213,Overstock Risk
2024-08-19,rice,Rainy,False,False,2232,1118.0,2360.0,1580.0,1494.25,1274.361,Overstock Risk
2024-08-19,rice,Sunny,False,False,1618,2232.0,1118.0,267.0,1832.0,1925.6682,Normal
2024-08-19,rice,Sunny,True,True,775,1618.0,2232.0,2360.0,1435.75,574.5891,Overstock Risk
2024-08-26,rice,Cloudy,False,False,1801,775.0,1618.0,1118.0,1606.5,1872.051,Normal
2024-08-26,rice,Rainy,False,False,750,1801.0,775.0,2232.0,1236.0,857.077,Normal
2024-08-26,rice,Rainy,False,True,808,750.0,1801.0,1618.0,1033.5,377.36456,Overstock Risk
2024-08-26,rice,Rainy,True,False,185,808.0,750.0,775.0,886.0,554.2417,Understock Risk
2024-08-26,rice,Sunny,False,False,3936,185.0,808.0,1801.0,1419.75,3174.8137,Normal
2024-08-26,rice,Sunny,False,True,254,3936.0,185.0,750.0,1295.75,367.82614,Understock Risk
2024-08-26,rice,Sunny,True,True,638,254.0,3936.0,808.0,1253.25,595.61707,Normal
2024-09-02,rice,Cloudy,False,False,845,638.0,254.0,185.0,1418.25,1583.7653,Understock Risk
2024-09-02,rice,Cloudy,True,False,1025,845.0,638.0,3936.0,690.5,777.70715,Overstock Risk
2024-09-02,rice,Rainy,False,False,301,1025.0,845.0,254.0,702.25,757.19415,Understock Risk
2024-09-02,rice,Rainy,False,True,360,301.0,1025.0,638.0,632.75,297.77118,Normal
2024-09-02,rice,Sunny,False,False,2092,360.0,301.0,845.0,944.5,1965.1603,Normal
2024-09-02,rice,Sunny,True,False,687,2092.0,360.0,1025.0,860.0,398.2567,Overstock Risk
2024-09-09,rice,Cloudy,False,False,492,687.0,2092.0,301.0,907.75,951.67737,Understock Risk
2024-09-09,rice,Rainy,False,False,970,492.0,687.0,360.0,1060.25,1251.8552,Understock Risk
2024-09-09,rice,Sunny,False,False,1775,970.0,492.0,2092.0,981.0,1936.1449,Normal
2024-09-09,rice,Sunny,False,True,197,1775.0,970.0,687.0,858.5,-50.87465,Overstock Risk
2024-09-09,rice,Sunny,True,False,892,197.0,1775.0,492.0,958.5,857.7718,Normal
2024-09-16,rice,Cloudy,False,False,597,892.0,197.0,970.0,865.25,915.06616,Understock Risk
2024-09-16,rice,Cloudy,False,True,384,597.0,892.0,1775.0,517.5,196.62357,Overstock Risk
2024-09-16,rice,Rainy,False,False,480,384.0,597.0,197.0,588.25,606.2181,Understock Risk
2024-09-16,rice,Rainy,False,True,159,480.0,384.0,892.0,405.0,343.3695,Understock Risk
2024-09-16,rice,Sunny,False,False,1676,159.0,480.0,597.0,674.75,1567.2812,Normal
2024-09-16,rice,Sunny,True,False,258,1676.0,159.0,384.0,643.25,563.1873,Understock Risk
2024-09-23,rice,Cloudy,False,False,2057,258.0,1676.0,480.0,1037.5,1358.7861,Overstock Risk
2024-09-23,rice,Rainy,False,False,324,2057.0,258.0,159.0,1078.75,655.3115,Understock Risk
2024-09-23,rice,Sunny,False,False,2366,324.0,2057.0,1676.0,1251.25,2208.0977,Normal
2024-09-23,rice,Sunny,False,True,192,2366.0,324.0,258.0,1234.75,401.76004,Understock Risk
2024-09-23,rice,Sunny,True,False,387,192.0,2366.0,2057.0,817.25,472.93555,Understock Risk
2024-09-30,rice,Cloudy,False,False,1503,387.0,192.0,324.0,1112.0,1369.4321,Normal
2024-09-30,rice,Rainy,True,False,710,1503.0,387.0,2366.0,698.0,543.4389,Overstock Risk
2024-09-30,rice,Sunny,False,False,1805,710.0,1503.0,192.0,1101.25,1890.0314,Normal
2024-09-30,rice,Sunny,False,True,280,1805.0,710.0,387.0,1074.5,444.9831,Understock Risk
2024-09-30,rice,Sunny,True,False,1008,280.0,1805.0,1503.0,950.75,942.2097,Normal
2024-10-07,rice,Cloudy,False,False,809,1008.0,280.0,710.0,975.5,1032.2528,Understock Risk
2024-10-07,rice,Cloudy,True,False,1819,809.0,1008.0,1805.0,979.0,896.9557,Overstock Risk
2024-10-07,rice,Rainy,False,False,1534,1819.0,809.0,280.0,1292.5,1232.7589,Normal
2024-10-07,rice,Sunny,False,False,1950,1534.0,1819.0,1008.0,1528.0,2131.9187,Normal
2024-10-07,rice,Sunny,True,False,494,1950.0,1534.0,809.0,1449.25,1150.3182,Understock Risk
2024-10-14,rice,Cloudy,False,False,507,494.0,1950.0,1819.0,1121.25,1162.7023,Understock Risk
2024-10-14,rice,Cloudy,True,False,408,507.0,494.0,1534.0,839.75,697.5364,Understock Risk
2024-10-14,rice,Cloudy,True,True,603,408.0,507.0,1950.0,503.0,475.56445,Overstock Risk
2024-10-14,rice,Rainy,False,False,1042,603.0,408.0,494.0,640.0,876.97626,Normal
2024-10-14,rice,Sunny,False,False,2133,1042.0,603.0,507.0,1046.5,1880.0332,Normal
2024-10-14,rice,Sunny,True,False,946,2133.0,1042.0,408.0,1181.0,962.5758,Normal
2024-10-21,rice,Cloudy,False,False,2430,946.0,2133.0,603.0,1637.75,1869.4457,Overstock Risk
2024-10-21,rice,Cloudy,False,True,289,2430.0,946.0,1042.0,1449.5,448.91675,Understock Risk
2024-10-21,rice,Cloudy,True,False,1232,289.0,2430.0,2133.0,1224.25,974.19727,Overstock Risk
2024-10-21,rice,Rainy,False,False,1460,1232.0,289.0,946.0,1352.75,1265.9866,Normal
2024-10-21,rice,Sunny,False,False,1863,1460.0,1232.0,2430.0,1211.0,1656.6003,Normal
2024-10-21,rice,Sunny,True,False,914,1863.0,1460.0,289.0,1367.25,1136.8287,Understock Risk
2024-10-28,rice,Cloudy,False,False,1737,914.0,1863.0,1232.0,1493.5,1282.9965,Overstock Risk
2024-10-28,rice,Cloudy,True,False,599,1737.0,914.0,1460.0,1278.25,950.6715,Understock Risk
2024-10-28,rice,Cloudy,True,True,313,599.0,1737.0,1863.0,890.75,423.52264,Understock Risk
2024-10-28,rice,Rainy,False,False,609,313.0,599.0,914.0,814.5,902.1246,Understock Risk
2024-10-28,rice,Rainy,True,False,475,609.0,313.0,1737.0,499.0,637.84564,Understock Risk
2024-10-28,rice,Sunny,False,False,3170,475.0,609.0,599.0,1141.75,2241.496,Overstock Risk
2024-10-28,rice,Sunny,True,True,595,3170.0,475.0,313.0,1212.25,457.70428,Overstock Risk
2024-11-04,rice,Cloudy,False,False,791,595.0,3170.0,609.0,1257.75,863.54535,Normal
2024-11-04,rice,Rainy,False,False,616,791.0,595.0,475.0,1293.0,1310.1669,Understock Risk
2024-11-04,rice,Sunny,False,False,1302,616.0,791.0,3170.0,826.0,1253.0149,Normal
2024-11-04,rice,Sunny,True,False,1743,1302.0,616.0,595.0,1113.0,1095.6177,Overstock Risk
2024-11-04,rice,Sunny,True,True,674,1743.0,1302.0,791.0,1083.75,263.07703,Overstock Risk
2024-11-11,rice,Cloudy,False,False,526,674.0,1743.0,616.0,1061.25,1140.6283,Understock Risk
2024-11-11,rice,Cloudy,True,False,1223,526.0,674.0,1302.0,1041.5,923.0099,Overstock Risk
2024-11-11,rice,Rainy,False,False,417,1223.0,526.0,1743.0,710.0,893.2858,Understock Risk
2024-11-11,rice,Sunny,False,False,2769,417.0,1223.0,674.0,1233.75,2184.2932,Overstock Risk
2024-11-11,rice,Sunny,False,True,937,2769.0,417.0,526.0,1336.5,461.86057,Overstock Risk
2024-11-18,rice,Cloudy,False,False,700,937.0,2769.0,1223.0,1205.75,827.99866,Normal
2024-11-18,rice,Sunny,False,False,3125,700.0,937.0,417.0,1882.75,4095.1946,Understock Risk
2024-11-18,rice,Sunny,True,False,987,3125.0,700.0,2769.0,1437.25,1328.1776,Understock Risk
2024-11-25,rice,Cloudy,False,False,285,987.0,3125.0,937.0,1274.25,771.0989,Understock Risk
2024-11-25,rice,Rainy,False,False,277,285.0,987.0,700.0,1168.5,1459.0498,Understock Risk
2024-11-25,rice,Rainy,True,False,310,277.0,285.0,3125.0,464.75,603.59503,Understock Risk
2024-11-25,rice,Sunny,False,False,2311,310.0,277.0,987.0,795.75,1752.1492,Overstock Risk
2024-11-25,rice,Sunny,False,True,504,2311.0,310.0,285.0,850.5,81.33409,Overstock Risk
2024-11-25,rice,Sunny,True,False,739,504.0,2311.0,277.0,966.0,1016.80676,Understock Risk
2024-12-02,rice,Cloudy,False,False,1821,739.0,504.0,310.0,1343.75,1711.1517,Normal
2024-12-02,rice,Cloudy,False,True,438,1821.0,739.0,2311.0,875.5,391.54114,Normal
2024-12-02,rice,Rainy,False,False,1709,438.0,1821.0,504.0,1176.75,952.9904,Overstock Risk
2024-12-02,rice,Sunny,False,False,3582,1709.0,438.0,739.0,1887.5,3208.0803,Normal
2024-12-02,rice,Sunny,False,True,161,3582.0,1709.0,1821.0,1472.5,434.30502,Understock Risk
2024-12-09,rice,Cloudy,False,False,728,161.0,3582.0,438.0,1545.0,1533.2736,Understock Risk
2024-12-09,rice,Cloudy,True,False,1239,728.0,161.0,1709.0,1427.5,1617.027,Understock Risk
2024-12-09,rice,Rainy,False,False,768,1239.0,728.0,3582.0,724.0,839.0829,Normal
2024-12-09,rice,Rainy,True,False,427,768.0,1239.0,161.0,790.5,353.09146,Normal
2024-12-09,rice,Rainy,True,True,384,427.0,768.0,728.0,704.5,487.80652,Understock Risk
2024-12-09,rice,Sunny,False,False,2539,384.0,427.0,1239.0,1029.5,2039.902,Normal
2024-12-09,rice,Sunny,True,False,490,2539.0,384.0,768.0,960.0,718.4234,Understock Risk
2024-12-16,rice,Cloudy,False,False,914,490.0,2539.0,427.0,1081.75,1126.1635,Understock Risk
2024-12-16,rice,Rainy,False,False,1641,914.0,490.0,384.0,1396.0,1206.1163,Overstock Risk
2024-12-16,rice,Sunny,False,False,734,1641.0,914.0,2539.0,944.75,1456.4108,Understock Risk
2024-12-16,rice,Sunny,False,True,1439,734.0,1641.0,490.0,1182.0,752.0387,Overstock Risk
2024-12-16,rice,Sunny,True,False,1305,1439.0,734.0,914.0,1279.75,1255.3934,Normal
2024-12-23,rice,Cloudy,False,False,1408,1305.0,1439.0,1641.0,1221.5,1277.9497,Normal
2024-12-23,rice,Cloudy,False,True,468,1408.0,1305.0,734.0,1155.0,283.83307,Overstock Risk
2024-12-23,rice,Cloudy,True,True,542,468.0,1408.0,1439.0,930.75,616.18994,Normal
2024-12-23,rice,Rainy,False,False,406,542.0,468.0,1305.0,706.0,991.73486,Understock Risk
2024-12-23,rice,Rainy,True,False,555,406.0,542.0,1408.0,492.75,453.62445,Normal
2024-12-23,rice,Sunny,False,False,1969,555.0,406.0,468.0,868.0,1641.517,Normal
2024-12-23,rice,Sunny,True,False,3014,1969.0,555.0,542.0,1486.0,1356.7117,Overstock Risk
2024-12-30,rice,Cloudy,False,False,806,3014.0,1969.0,406.0,1586.0,1468.2272,Understock Risk
2024-12-30,rice,Sunny,False,False,618,806.0,3014.0,555.0,1601.75,2143.0596,Understock Risk
2024-01-01,soft-boiled eggs,Sunny,False,False,3512,762.0,2233.0,1085.0,1808.25,3293.8403,Normal
2024-01-01,soft-boiled eggs,Sunny,False,True,431,3512.0,762.0,726.0,1734.5,408.6927,Normal
2024-01-01,soft-boiled eggs,Sunny,True,False,1418,431.0,3512.0,2233.0,1530.75,1231.7512,Normal
2024-01-08,soft-boiled eggs,Cloudy,False,False,682,1418.0,431.0,762.0,1510.75,1272.7173,Understock Risk
2024-01-08,soft-boiled eggs,Cloudy,False,True,740,682.0,1418.0,3512.0,817.75,712.1559,Normal
2024-01-08,soft-boiled eggs,Cloudy,True,False,667,740.0,682.0,431.0,876.75,701.68646,Normal
2024-01-08,soft-boiled eggs,Rainy,False,False,1519,667.0,740.0,1418.0,902.0,1258.461,Normal
2024-01-08,soft-boiled eggs,Sunny,False,False,3348,1519.0,667.0,682.0,1568.5,2821.0693,Normal
2024-01-08,soft-boiled eggs,Sunny,True,False,1071,3348.0,1519.0,740.0,1651.25,1300.463,Understock Risk
2024-01-15,soft-boiled eggs,Cloudy,False,False,2646,1071.0,3348.0,667.0,2146.0,2462.163,Normal
2024-01-15,soft-boiled eggs,Cloudy,True,False,1435,2646.0,1071.0,1519.0,2125.0,1275.836,Normal
2024-01-15,soft-boiled eggs,Rainy,False,False,632,1435.0,2646.0,3348.0,1446.0,806.8287,Understock Risk
2024-01-15,soft-boiled eggs,Rainy,True,False,908,632.0,1435.0,1071.0,1405.25,1161.57,Understock Risk
2024-01-15,soft-boiled eggs,Sunny,False,False,2838,908.0,632.0,2646.0,1453.25,2903.0945,Normal
2024-01-15,soft-boiled eggs,Sunny,True,False,1068,2838.0,908.0,1435.0,1361.5,1194.5294,Normal
2024-01-22,soft-boiled eggs,Cloudy,False,False,1948,1068.0,2838.0,632.0,1690.5,1965.1112,Normal
2024-01-22,soft-boiled eggs,Rainy,False,False,1860,1948.0,1068.0,908.0,1928.5,1713.8187,Normal
2024-01-22,soft-boiled eggs,Sunny,False,False,4164,1860.0,1948.0,2838.0,2260.0,4316.791,Normal
2024-01-22,soft-boiled eggs,Sunny,True,False,1634,4164.0,1860.0,1068.0,2401.5,1546.9426,Normal
2024-01-22,soft-boiled eggs,Sunny,True,True,716,1634.0,4164.0,1948.0,2093.5,584.3364,Normal
2024-01-29,soft-boiled eggs,Cloudy,False,False,822,716.0,1634.0,1860.0,1834.0,1552.0754,Understock Risk
2024-01-29,soft-boiled eggs,Rainy,False,False,1804,822.0,716.0,4164.0,1244.0,1448.4054,Normal
2024-01-29,soft-boiled eggs,Rainy,True,False,806,1804.0,822.0,1634.0,1037.0,729.06213,Normal
2024-01-29,soft-boiled eggs,Sunny,False,False,2872,806.0,1804.0,716.0,1576.0,2965.3745,Normal
2024-01-29,soft-boiled eggs,Sunny,False,True,1017,2872.0,806.0,822.0,1624.75,1010.1852,Normal
2024-01-29,soft-boiled eggs,Sunny,True,False,874,1017.0,2872.0,1804.0,1392.25,962.66907,Normal
2024-02-05,soft-boiled eggs,Cloudy,False,False,2962,874.0,1017.0,806.0,1931.25,2737.1912,Normal
2024-02-05,soft-boiled eggs,Cloudy,True,False,686,2962.0,874.0,2872.0,1384.75,961.1093,Understock Risk
2024-02-05,soft-boiled eggs,Rainy,False,False,2499,686.0,2962.0,1017.0,1755.25,1942.1334,Overstock Risk
2024-02-05,soft-boiled eggs,Rainy,False,True,832,2499.0,686.0,874.0,1744.75,620.2126,Overstock Risk
2024-02-05,soft-boiled eggs,Sunny,False,False,1449,832.0,2499.0,2962.0,1366.5,1747.5071,Understock Risk
2024-02-05,soft-boiled eggs,Sunny,True,False,1270,1449.0,832.0,686.0,1512.5,1544.898,Understock Risk
2024-02-12,soft-boiled eggs,Cloudy,False,False,5393,1270.0,1449.0,2499.0,2236.0,4659.633,Normal
2024-02-12,soft-boiled eggs,Cloudy,True,False,612,5393.0,1270.0,832.0,2181.0,695.76056,Normal
2024-02-12,soft-boiled eggs,Rainy,False,False,2100,612.0,5393.0,1449.0,2343.75,2030.8807,Normal
2024-02-12,soft-boiled eggs,Sunny,False,False,4015,2100.0,612.0,1270.0,3030.0,4701.445,Normal
2024-02-12,soft-boiled eggs,Sunny,False,True,491,4015.0,2100.0,5393.0,1804.5,379.08453,Overstock Risk
2024-02-12,soft-boiled eggs,Sunny,True,False,2840,491.0,4015.0,612.0,2361.5,2569.2224,Normal
2024-02-19,soft-boiled eggs,Cloudy,False,False,4687,2840.0,491.0,2100.0,3008.25,4292.8916,Normal
2024-02-19,soft-boiled eggs,Cloudy,True,False,633,4687.0,2840.0,4015.0,2162.75,711.0253,Normal
2024-02-19,soft-boiled eggs,Rainy,False,False,2765,633.0,4687.0,491.0,2731.25,2616.727,Normal
2024-02-19,soft-boiled eggs,Rainy,True,False,1832,2765.0,633.0,2840.0,2479.25,1783.0808,Normal
2024-02-19,soft-boiled eggs,Sunny,False,False,4414,1832.0,2765.0,4687.0,2411.0,4458.7793,Normal
2024-02-19,soft-boiled eggs,Sunny,True,False,603,4414.0,1832.0,633.0,2403.5,1063.7577,Understock Risk
2024-02-26,soft-boiled eggs,Cloudy,False,False,1351,603.0,4414.0,2765.0,2050.0,1728.8138,Understock Risk
2024-02-26,soft-boiled eggs,Cloudy,False,True,255,1351.0,603.0,1832.0,1655.75,616.2501,Understock Risk
2024-02-26,soft-boiled eggs,Cloudy,True,False,721,255.0,1351.0,4414.0,732.5,713.1917,Normal
2024-02-26,soft-boiled eggs,Rainy,False,False,1056,721.0,255.0,603.0,845.75,1039.1394,Normal
2024-02-26,soft-boiled eggs,Rainy,True,False,760,1056.0,721.0,1351.0,698.0,671.34485,Normal
2024-02-26,soft-boiled eggs,Sunny,False,False,4852,760.0,1056.0,255.0,1847.25,4496.9214,Normal
2024-02-26,soft-boiled eggs,Sunny,False,True,429,4852.0,760.0,721.0,1774.25,371.2582,Normal
2024-02-26,soft-boiled eggs,Sunny,True,False,1481,429.0,4852.0,1056.0,1880.5,1503.5355,Normal
2024-02-26,soft-boiled eggs,Sunny,True,True,852,1481.0,429.0,760.0,1903.5,927.25507,Normal
2024-03-04,soft-boiled eggs,Cloudy,False,False,1912,852.0,1481.0,4852.0,1168.5,1700.0605,Normal
2024-03-04,soft-boiled eggs,Cloudy,True,False,2497,1912.0,852.0,429.0,1685.5,2002.0806,Normal
2024-03-04,soft-boiled eggs,Rainy,False,False,1248,2497.0,1912.0,1481.0,1627.25,1173.3987,Normal
2024-03-04,soft-boiled eggs,Rainy,True,False,1763,1248.0,2497.0,852.0,1855.0,1598.1486,Normal
2024-03-04,soft-boiled eggs,Sunny,False,False,1541,1763.0,1248.0,1912.0,1762.25,2164.1438,Understock Risk
2024-03-04,soft-boiled eggs,Sunny,True,False,2189,1541.0,1763.0,2497.0,1685.25,2082.0063,Normal
2024-03-11,soft-boiled eggs,Cloudy,False,False,3033,2189.0,1541.0,1248.0,2131.5,2310.8628,Overstock Risk
2024-03-11,soft-boiled eggs,Cloudy,True,False,933,3033.0,2189.0,1763.0,1924.0,1025.7096,Normal
2024-03-11,soft-boiled eggs,Rainy,False,False,916,933.0,3033.0,1541.0,1767.75,1389.2181,Understock Risk
2024-03-11,soft-boiled eggs,Sunny,False,False,3865,916.0,933.0,2189.0,2186.75,4523.2886,Normal
2024-03-11,soft-boiled eggs,Sunny,True,False,2547,3865.0,916.0,3033.0,2065.25,2108.3767,Normal
2024-03-18,soft-boiled eggs,Cloudy,False,False,1737,2547.0,3865.0,933.0,2266.25,1922.7977,Normal
2024-03-18,soft-boiled eggs,Cloudy,False,True,607,1737.0,2547.0,916.0,2189.0,738.19904,Understock Risk
2024-03-18,soft-boiled eggs,Cloudy,True,False,595,607.0,1737.0,3865.0,1371.5,1139.2113,Understock Risk
2024-03-18,soft-boiled eggs,Rainy,False,False,694,595.0,607.0,2547.0,908.25,1039.1349,Understock Risk
2024-03-18,soft-boiled eggs,Rainy,False,True,959,694.0,595.0,1737.0,713.75,748.6603,Overstock Risk
2024-03-18,soft-boiled eggs,Rainy,True,False,721,959.0,694.0,607.0,742.25,630.9876,Normal
2024-03-18,soft-boiled eggs,Sunny,False,False,3085,721.0,959.0,595.0,1364.75,2719.824,Normal
2024-03-18,soft-boiled eggs,Sunny,True,False,902,3085.0,721.0,694.0,1416.75,1103.8049,Understock Risk
2024-03-25,soft-boiled eggs,Cloudy,False,False,2748,902.0,3085.0,959.0,1864.0,2496.8662,Normal
2024-03-25,soft-boiled eggs,Cloudy,True,False,784,2748.0,902.0,721.0,1879.75,942.9837,Understock Risk
2024-03-25,soft-boiled eggs,Rainy,False,False,523,784.0,2748.0,3085.0,1239.25,558.46844,Normal
2024-03-25,soft-boiled eggs,Rainy,True,False,933,523.0,784.0,902.0,1247.0,1128.399,Understock Risk
2024-03-25,soft-boiled eggs,Sunny,False,False,4557,933.0,523.0,2748.0,1699.25,3850.4639,Normal
2024-03-25,soft-boiled eggs,Sunny,False,True,656,4557.0,933.0,784.0,1667.25,517.6125,Overstock Risk
2024-03-25,soft-boiled eggs,Sunny,True,False,1263,656.0,4557.0,523.0,1852.25,1426.2797,Normal
2024-04-01,soft-boiled eggs,Cloudy,False,False,1741,1263.0,656.0,933.0,2054.25,2266.316,Understock Risk
2024-04-01,soft-boiled eggs,Rainy,False,False,364,1741.0,1263.0,4557.0,1006.0,742.16815,Understock Risk
2024-04-01,soft-boiled eggs,Sunny,False,False,5646,364.0,1741.0,656.0,2253.5,5673.526,Normal
2024-04-08,soft-boiled eggs,Cloudy,False,False,2007,5646.0,364.0,1263.0,2439.5,2081.2524,Normal
2024-04-08,soft-boiled eggs,Cloudy,True,False,742,2007.0,5646.0,1741.0,2189.75,786.11096,Normal
2024-04-08,soft-boiled eggs,Rainy,False,False,703,742.0,2007.0,364.0,2274.5,1204.7107,Understock Risk
2024-04-08,soft-boiled eggs,Sunny,False,False,2096,703.0,742.0,5646.0,1387.0,2383.5798,Normal
2024-04-08,soft-boiled eggs,Sunny,False,True,230,2096.0,703.0,2007.0,942.75,280.01636,Understock Risk
2024-04-08,soft-boiled eggs,Sunny,True,False,1641,230.0,2096.0,742.0,1167.5,1546.0493,Normal
2024-04-15,soft-boiled eggs,Cloudy,False,False,2958,1641.0,230.0,703.0,1731.25,2567.0088,Normal
2024-04-15,soft-boiled eggs,Cloudy,True,False,2083,2958.0,1641.0,2096.0,1728.0,1557.0428,Overstock Risk
2024-04-15,soft-boiled eggs,Rainy,False,False,506,2083.0,2958.0,230.0,1797.0,724.30554,Understock Risk
2024-04-15,soft-boiled eggs,Sunny,False,False,5760,506.0,2083.0,1641.0,2826.75,6196.503,Normal
2024-04-15,soft-boiled eggs,Sunny,False,True,884,5760.0,506.0,2958.0,2308.25,916.9933,Normal
2024-04-15,soft-boiled eggs,Sunny,True,False,1619,884.0,5760.0,2083.0,2192.25,1634.1982,Normal
2024-04-22,soft-boiled eggs,Cloudy,False,False,1692,1619.0,884.0,506.0,2488.75,1975.9259,Normal
2024-04-22,soft-boiled eggs,Rainy,False,False,1304,1692.0,1619.0,5760.0,1374.75,1221.1976,Normal
2024-04-22,soft-boiled eggs,Rainy,True,False,694,1304.0,1692.0,884.0,1327.25,840.56866,Understock Risk
2024-04-22,soft-boiled eggs,Sunny,False,False,2681,694.0,1304.0,1619.0,1592.75,3050.41,Normal
2024-04-22,soft-boiled eggs,Sunny,False,True,869,2681.0,694.0,1692.0,1387.0,707.6857,Normal
2024-04-22,soft-boiled eggs,Sunny,True,False,621,869.0,2681.0,1304.0,1216.25,763.6109,Understock Risk
2024-04-29,soft-boiled eggs,Cloudy,False,False,1743,621.0,869.0,694.0,1478.5,1684.0691,Normal
2024-04-29,soft-boiled eggs,Cloudy,True,False,2271,1743.0,621.0,2681.0,1376.0,1580.8513,Overstock Risk
2024-04-29,soft-boiled eggs,Rainy,False,False,3465,2271.0,1743.0,869.0,2025.0,2468.6892,Overstock Risk
2024-04-29,soft-boiled eggs,Rainy,True,False,1470,3465.0,2271.0,621.0,2237.25,1157.607,Overstock Risk
2024-04-29,soft-boiled eggs,Sunny,False,False,1501,1470.0,3465.0,1743.0,2176.75,2246.742,Understock Risk
2024-04-29,soft-boiled eggs,Sunny,True,False,504,1501.0,1470.0,2271.0,1735.0,1275.4484,Understock Risk
2024-05-06,soft-boiled eggs,Cloudy,False,False,3305,504.0,1501.0,3465.0,1695.0,2797.6592,Normal
2024-05-06,soft-boiled eggs,Cloudy,True,False,709,3305.0,504.0,1470.0,1504.75,872.7817,Understock Risk
2024-05-06,soft-boiled eggs,Rainy,False,False,901,709.0,3305.0,1501.0,1354.75,1017.7523,Normal
2024-05-06,soft-boiled eggs,Sunny,False,False,5268,901.0,709.0,504.0,2545.75,5534.2827,Normal
2024-05-13,soft-boiled eggs,Cloudy,False,False,2017,5268.0,901.0,3305.0,2223.75,2091.269,Normal
2024-05-13,soft-boiled eggs,Cloudy,True,False,925,2017.0,5268.0,709.0,2277.75,1043.962,Normal
2024-05-13,soft-boiled eggs,Rainy,False,False,2093,925.0,2017.0,901.0,2575.75,2090.9375,Normal
2024-05-13,soft-boiled eggs,Sunny,False,False,1749,2093.0,925.0,5268.0,1696.0,2226.5085,Understock Risk
2024-05-13,soft-boiled eggs,Sunny,True,False,1296,1749.0,2093.0,2017.0,1515.75,1311.558,Normal
2024-05-20,soft-boiled eggs,Cloudy,False,False,2590,1296.0,1749.0,925.0,1932.0,2631.2104,Normal
2024-05-20,soft-boiled eggs,Rainy,False,False,2461,2590.0,1296.0,2093.0,2024.0,2057.0847,Normal
2024-05-20,soft-boiled eggs,Sunny,False,False,3017,2461.0,2590.0,1749.0,2341.0,3315.2383,Normal
2024-05-27,soft-boiled eggs,Cloudy,False,False,4294,3017.0,2461.0,1296.0,3090.5,3953.281,Normal
2024-05-27,soft-boiled eggs,Cloudy,True,False,784,4294.0,3017.0,2590.0,2639.0,1003.17126,Understock Risk
2024-05-27,soft-boiled eggs,Rainy,False,False,1188,784.0,4294.0,2461.0,2320.75,1470.8644,Understock Risk
2024-05-27,soft-boiled eggs,Rainy,False,True,546,1188.0,784.0,3017.0,1703.0,878.7232,Understock Risk
2024-05-27,soft-boiled eggs,Sunny,False,False,1013,546.0,1188.0,4294.0,882.75,1233.8793,Understock Risk
2024-05-27,soft-boiled eggs,Sunny,True,False,1099,1013.0,546.0,784.0,961.5,1129.9509,Normal
2024-06-03,soft-boiled eggs,Cloudy,False,False,1900,1099.0,1013.0,1188.0,1139.5,1463.956,Overstock Risk
2024-06-03,soft-boiled eggs,Cloudy,False,True,557,1900.0,1099.0,546.0,1142.25,416.47186,Overstock Risk
2024-06-03,soft-boiled eggs,Cloudy,True,False,1651,557.0,1900.0,1013.0,1301.75,1251.9103,Overstock Risk
2024-06-03,soft-boiled eggs,Rainy,False,False,1636,1651.0,557.0,1099.0,1436.0,1294.1818,Overstock Risk
2024-06-03,soft-boiled eggs,Rainy,True,False,493,1636.0,1651.0,1900.0,1084.25,450.1585,Normal
2024-06-03,soft-boiled eggs,Sunny,False,False,4350,493.0,1636.0,557.0,2032.5,4468.1445,Normal
2024-06-03,soft-boiled eggs,Sunny,True,False,2431,4350.0,493.0,1651.0,2227.5,2331.5671,Normal
2024-06-10,soft-boiled eggs,Cloudy,False,False,2941,2431.0,4350.0,1636.0,2553.75,2686.6128,Normal
2024-06-10,soft-boiled eggs,Cloudy,False,True,558,2941.0,2431.0,493.0,2570.0,666.15906,Normal
2024-06-10,soft-boiled eggs,Rainy,False,False,922,558.0,2941.0,4350.0,1713.0,1363.0693,Understock Risk
2024-06-10,soft-boiled eggs,Sunny,False,False,4579,922.0,558.0,2431.0,2250.0,5057.3447,Normal
2024-06-10,soft-boiled eggs,Sunny,True,False,2193,4579.0,922.0,2941.0,2063.0,1947.3242,Normal
2024-06-17,soft-boiled eggs,Cloudy,False,False,1850,2193.0,4579.0,558.0,2386.0,2067.5542,Normal
2024-06-17,soft-boiled eggs,Cloudy,True,False,619,1850.0,2193.0,922.0,2310.25,967.1241,Understock Risk
2024-06-17,soft-boiled eggs,Rainy,False,False,1934,619.0,1850.0,4579.0,1649.0,1856.934,Normal
2024-06-17,soft-boiled eggs,Rainy,True,False,576,1934.0,619.0,2193.0,1244.75,975.4973,Understock Risk
2024-06-17,soft-boiled eggs,Sunny,False,False,2555,576.0,1934.0,1850.0,1421.0,2503.9712,Normal
2024-06-24,soft-boiled eggs,Cloudy,False,False,2043,2555.0,576.0,619.0,1777.0,1767.2748,Normal
2024-06-24,soft-boiled eggs,Cloudy,True,False,677,2043.0,2555.0,1934.0,1462.75,771.88934,Normal
2024-06-24,soft-boiled eggs,Rainy,False,False,1339,677.0,2043.0,576.0,1653.5,1764.4829,Understock Risk
2024-06-24,soft-boiled eggs,Rainy,False,True,972,1339.0,677.0,2555.0,1257.75,872.028,Normal
2024-06-24,soft-boiled eggs,Rainy,True,False,817,972.0,1339.0,2043.0,951.25,636.40753,Overstock Risk
2024-06-24,soft-boiled eggs,Sunny,False,False,1330,817.0,972.0,677.0,1114.5,1903.3628,Understock Risk
2024-06-24,soft-boiled eggs,Sunny,True,False,3118,1330.0,817.0,1339.0,1559.25,2426.176,Overstock Risk
2024-07-01,soft-boiled eggs,Cloudy,False,False,1771,3118.0,1330.0,972.0,1759.0,1605.6981,Normal
2024-07-01,soft-boiled eggs,Rainy,False,False,1028,1771.0,3118.0,817.0,1811.75,1174.0835,Normal
2024-07-01,soft-boiled eggs,Rainy,True,False,1010,1028.0,1771.0,1330.0,1731.75,1297.4633,Understock Risk
2024-07-01,soft-boiled eggs,Sunny,False,False,3893,1010.0,1028.0,3118.0,1925.5,4178.967,Normal
2024-07-01,soft-boiled eggs,Sunny,False,True,393,3893.0,1010.0,1771.0,1581.0,457.2551,Normal
2024-07-01,soft-boiled eggs,Sunny,True,False,1867,393.0,3893.0,1028.0,1790.75,1664.4048,Normal
2024-07-08,soft-boiled eggs,Cloudy,False,False,2288,1867.0,393.0,1010.0,2110.25,2325.0674,Normal
2024-07-08,soft-boiled eggs,Cloudy,True,False,1416,2288.0,1867.0,3893.0,1491.0,1061.7278,Overstock Risk
2024-07-08,soft-boiled eggs,Rainy,False,False,1720,1416.0,2288.0,393.0,1822.75,1545.2023,Normal
2024-07-08,soft-boiled eggs,Rainy,True,True,603,1720.0,1416.0,1867.0,1506.75,595.18604,Normal
2024-07-08,soft-boiled eggs,Sunny,False,False,2362,603.0,1720.0,2288.0,1525.25,2787.7803,Normal
2024-07-08,soft-boiled eggs,Sunny,True,False,1900,2362.0,603.0,1416.0,1646.25,1614.6599,Normal
2024-07-15,soft-boiled eggs,Cloudy,False,False,1398,1900.0,2362.0,1720.0,1565.75,1555.9937,Normal
2024-07-15,soft-boiled eggs,Rainy,False,False,151,1398.0,1900.0,603.0,1452.75,737.66394,Understock Risk
2024-07-15,soft-boiled eggs,Rainy,True,False,1265,151.0,1398.0,2362.0,1178.5,1241.4076,Normal
2024-07-15,soft-boiled eggs,Sunny,False,False,2709,1265.0,151.0,1900.0,1380.75,2738.3853,Normal
2024-07-15,soft-boiled eggs,Sunny,True,False,1533,2709.0,1265.0,1398.0,1414.5,1115.6263,Overstock Risk
2024-07-22,soft-boiled eggs,Cloudy,False,False,2564,1533.0,2709.0,151.0,2017.75,2380.0427,Normal
2024-07-22,soft-boiled eggs,Rainy,False,False,1348,2564.0,1533.0,1265.0,2038.5,1639.7627,Understock Risk
2024-07-22,soft-boiled eggs,Sunny,False,False,3805,1348.0,2564.0,2709.0,2312.5,3983.651,Normal
2024-07-22,soft-boiled eggs,Sunny,False,True,393,3805.0,1348.0,1533.0,2027.5,688.093,Understock Risk
2024-07-22,soft-boiled eggs,Sunny,True,False,909,393.0,3805.0,2564.0,1613.75,937.5958,Normal
2024-07-29,soft-boiled eggs,Cloudy,False,False,2034,909.0,393.0,1348.0,1785.25,2147.869,Normal
2024-07-29,soft-boiled eggs,Cloudy,True,False,1569,2034.0,909.0,3805.0,1226.25,1204.8912,Overstock Risk
2024-07-29,soft-boiled eggs,Rainy,False,False,1840,1569.0,2034.0,393.0,1588.0,1357.3455,Overstock Risk
2024-07-29,soft-boiled eggs,Rainy,True,True,817,1840.0,1569.0,909.0,1565.0,694.149,Normal
2024-07-29,soft-boiled eggs,Sunny,False,False,2863,817.0,1840.0,2034.0,1772.25,2957.5076,Normal
2024-07-29,soft-boiled eggs,Sunny,True,True,887,2863.0,817.0,1569.0,1601.75,868.5666,Normal
2024-08-05,soft-boiled eggs,Cloudy,False,False,2183,887.0,2863.0,1840.0,1687.5,1996.7218,Normal
2024-08-05,soft-boiled eggs,Cloudy,True,False,908,2183.0,887.0,817.0,1710.25,1026.99,Normal
2024-08-05,soft-boiled eggs,Rainy,False,False,1042,908.0,2183.0,2863.0,1255.0,1027.657,Normal
2024-08-05,soft-boiled eggs,Sunny,False,False,5122,1042.0,908.0,887.0,2313.75,4964.406,Normal
2024-08-05,soft-boiled eggs,Sunny,True,False,820,5122.0,1042.0,2183.0,1973.0,1043.7274,Understock Risk
2024-08-12,soft-boiled eggs,Cloudy,False,False,2239,820.0,5122.0,908.0,2305.75,2164.2827,Normal
2024-08-12,soft-boiled eggs,Rainy,False,False,915,2239.0,820.0,1042.0,2274.0,1359.4493,Understock Risk
2024-08-12,soft-boiled eggs,Rainy,True,False,556,915.0,2239.0,5122.0,1132.5,568.3708,Normal
2024-08-12,soft-boiled eggs,Sunny,False,False,1971,556.0,915.0,820.0,1420.25,2481.9307,Understock Risk
2024-08-12,soft-boiled eggs,Sunny,False,True,465,1971.0,556.0,2239.0,976.75,501.61316,Normal
2024-08-12,soft-boiled eggs,Sunny,True,False,1445,465.0,1971.0,915.0,1109.25,1344.5847,Normal
2024-08-19,soft-boiled eggs,Cloudy,False,False,4861,1445.0,465.0,556.0,2185.5,3983.9397,Normal
2024-08-19,soft-boiled eggs,Rainy,False,False,1157,4861.0,1445.0,1971.0,1982.0,1182.3036,Normal
2024-08-19,soft-boiled eggs,Sunny,False,False,5661,1157.0,4861.0,465.0,3281.0,5883.854,Normal
2024-08-19,soft-boiled eggs,Sunny,False,True,762,5661.0,1157.0,1445.0,3110.25,919.723,Understock Risk
2024-08-26,soft-boiled eggs,Cloudy,False,False,3052,762.0,5661.0,4861.0,2658.0,2889.43,Normal
2024-08-26,soft-boiled eggs,Cloudy,True,False,862,3052.0,762.0,1157.0,2584.25,909.19543,Normal
2024-08-26,soft-boiled eggs,Rainy,False,False,3634,862.0,3052.0,5661.0,2077.5,3022.528,Normal
2024-08-26,soft-boiled eggs,Rainy,True,False,499,3634.0,862.0,762.0,2011.75,659.62134,Understock Risk
2024-08-26,soft-boiled eggs,Sunny,False,False,2500,499.0,3634.0,3052.0,1873.75,2814.337,Normal
2024-08-26,soft-boiled eggs,Sunny,True,False,1884,2500.0,499.0,862.0,2129.25,1853.7181,Normal
2024-09-02,soft-boiled eggs,Cloudy,False,False,1639,1884.0,2500.0,3634.0,1630.5,1507.1141,Normal
2024-09-02,soft-boiled eggs,Cloudy,False,True,460,1639.0,1884.0,499.0,1620.75,440.10358,Normal
2024-09-02,soft-boiled eggs,Cloudy,True,False,804,460.0,1639.0,2500.0,1196.75,1061.358,Understock Risk
2024-09-02,soft-boiled eggs,Rainy,False,False,969,804.0,460.0,1884.0,968.0,986.80634,Normal
2024-09-02,soft-boiled eggs,Rainy,True,False,862,969.0,804.0,1639.0,773.75,808.67267,Normal
2024-09-02,soft-boiled eggs,Sunny,False,False,2754,862.0,969.0,460.0,1347.25,2691.7524,Normal
2024-09-02,soft-boiled eggs,Sunny,False,True,801,2754.0,862.0,804.0,1346.5,654.60065,Normal
2024-09-02,soft-boiled eggs,Sunny,True,False,1582,801.0,2754.0,969.0,1499.75,1437.289,Normal
2024-09-09,soft-boiled eggs,Cloudy,False,False,2425,1582.0,801.0,862.0,1890.5,2290.181,Normal
2024-09-09,soft-boiled eggs,Rainy,False,False,816,2425.0,1582.0,2754.0,1406.0,1146.0566,Understock Risk
2024-09-09,soft-boiled eggs,Rainy,True,False,1854,816.0,2425.0,801.0,1669.25,1631.8245,Normal
2024-09-09,soft-boiled eggs,Sunny,False,False,1424,1854.0,816.0,1582.0,1629.75,2154.6067,Understock Risk
2024-09-09,soft-boiled eggs,Sunny,True,False,799,1424.0,1854.0,2425.0,1223.25,834.9167,Normal
2024-09-16,soft-boiled eggs,Cloudy,False,False,2521,799.0,1424.0,816.0,1649.5,2369.5972,Normal
2024-09-16,soft-boiled eggs,Rainy,False,False,1416,2521.0,799.0,1854.0,1540.0,1346.2905,Normal
2024-09-16,soft-boiled eggs,Rainy,False,True,374,1416.0,2521.0,1424.0,1277.5,256.18616,Overstock Risk
2024-09-16,soft-boiled eggs,Rainy,True,False,936,374.0,1416.0,799.0,1311.75,1046.2366,Normal
2024-09-16,soft-boiled eggs,Sunny,False,False,1712,936.0,374.0,2521.0,1109.5,2016.6212,Normal
2024-09-16,soft-boiled eggs,Sunny,True,False,651,1712.0,936.0,1416.0,918.25,818.17755,Understock Risk
2024-09-23,soft-boiled eggs,Cloudy,False,False,1734,651.0,1712.0,374.0,1258.25,1523.1329,Normal
2024-09-23,soft-boiled eggs,Cloudy,False,True,640,1734.0,651.0,936.0,1184.25,569.28357,Normal
2024-09-23,soft-boiled eggs,Cloudy,True,False,725,640.0,1734.0,1712.0,937.5,748.2038,Normal
2024-09-23,soft-boiled eggs,Rainy,False,False,1698,725.0,640.0,651.0,1199.25,1378.1783,Normal
2024-09-23,soft-boiled eggs,Sunny,False,False,3010,1698.0,725.0,1734.0,1518.25,2640.582,Normal
2024-09-23,soft-boiled eggs,Sunny,True,False,2108,3010.0,1698.0,640.0,1885.25,1824.8597,Normal
2024-09-30,soft-boiled eggs,Cloudy,False,False,2716,2108.0,3010.0,725.0,2383.0,2431.485,Normal
2024-09-30,soft-boiled eggs,Cloudy,True,False,768,2716.0,2108.0,1698.0,2150.5,1138.7444,Understock Risk
2024-09-30,soft-boiled eggs,Rainy,False,False,796,768.0,2716.0,3010.0,1597.0,1079.9259,Understock Risk
2024-09-30,soft-boiled eggs,Sunny,False,False,2431,796.0,768.0,2108.0,1677.75,3139.3525,Understock Risk
2024-10-07,soft-boiled eggs,Cloudy,False,False,1982,2431.0,796.0,2716.0,1494.25,1846.8025,Normal
2024-10-07,soft-boiled eggs,Cloudy,True,False,784,1982.0,2431.0,768.0,1498.25,857.1554,Normal
2024-10-07,soft-boiled eggs,Rainy,False,False,2233,784.0,1982.0,796.0,1857.5,2015.1501,Normal
2024-10-07,soft-boiled eggs,Rainy,False,True,458,2233.0,784.0,2431.0,1364.25,445.36163,Normal
2024-10-07,soft-boiled eggs,Rainy,True,False,652,458.0,2233.0,1982.0,1031.75,744.4819,Normal
2024-10-07,soft-boiled eggs,Sunny,False,False,4625,652.0,458.0,784.0,1992.0,4441.0454,Normal
2024-10-07,soft-boiled eggs,Sunny,False,True,440,4625.0,652.0,2233.0,1543.75,539.232,Understock Risk
2024-10-07,soft-boiled eggs,Sunny,True,False,1367,440.0,4625.0,458.0,1771.0,1206.9924,Normal
2024-10-14,soft-boiled eggs,Cloudy,False,False,1712,1367.0,440.0,652.0,2036.0,2029.5768,Normal
2024-10-14,soft-boiled eggs,Cloudy,False,True,726,1712.0,1367.0,4625.0,1061.25,584.0957,Normal
2024-10-14,soft-boiled eggs,Cloudy,True,False,972,726.0,1712.0,440.0,1194.25,883.265,Normal
2024-10-14,soft-boiled eggs,Cloudy,True,True,597,972.0,726.0,1367.0,1001.75,676.8821,Normal
2024-10-14,soft-boiled eggs,Rainy,False,False,1653,597.0,972.0,1712.0,987.0,1231.3312,Overstock Risk
2024-10-14,soft-boiled eggs,Rainy,True,False,627,1653.0,597.0,726.0,962.25,664.61646,Normal
2024-10-14,soft-boiled eggs,Sunny,False,False,3987,627.0,1653.0,972.0,1716.0,3642.365,Normal
2024-10-14,soft-boiled eggs,Sunny,True,False,735,3987.0,627.0,597.0,1750.5,1089.6152,Understock Risk
2024-10-21,soft-boiled eggs,Cloudy,False,False,1719,735.0,3987.0,1653.0,1767.0,1620.1024,Normal
2024-10-21,soft-boiled eggs,Cloudy,True,False,1366,1719.0,735.0,627.0,1951.75,1341.8384,Normal
2024-10-21,soft-boiled eggs,Rainy,False,False,1078,1366.0,1719.0,3987.0,1224.5,1057.7781,Normal
2024-10-21,soft-boiled eggs,Rainy,True,False,645,1078.0,1366.0,735.0,1202.0,856.7862,Understock Risk
2024-10-21,soft-boiled eggs,Sunny,False,False,3444,645.0,1078.0,1719.0,1633.25,3445.7131,Normal
2024-10-21,soft-boiled eggs,Sunny,False,True,428,3444.0,645.0,1366.0,1398.75,520.34326,Understock Risk
2024-10-21,soft-boiled eggs,Sunny,True,False,1161,428.0,3444.0,1078.0,1419.5,994.052,Normal
2024-10-21,soft-boiled eggs,Sunny,True,True,825,1161.0,428.0,645.0,1464.5,979.6702,Normal
2024-10-28,soft-boiled eggs,Cloudy,False,False,4250,825.0,1161.0,3444.0,1666.0,2506.038,Overstock Risk
2024-10-28,soft-boiled eggs,Cloudy,False,True,546,4250.0,825.0,428.0,1695.5,488.14383,Normal
2024-10-28,soft-boiled eggs,Cloudy,True,False,623,546.0,4250.0,1161.0,1561.0,869.33734,Understock Risk
2024-10-28,soft-boiled eggs,Rainy,False,False,1074,623.0,546.0,825.0,1623.25,2015.9602,Understock Risk
2024-10-28,soft-boiled eggs,Sunny,False,False,2597,1074.0,623.0,4250.0,1210.0,2432.9917,Normal
2024-10-28,soft-boiled eggs,Sunny,False,True,790,2597.0,1074.0,546.0,1271.0,328.73575,Overstock Risk
2024-10-28,soft-boiled eggs,Sunny,True,False,1280,790.0,2597.0,623.0,1435.25,1226.0604,Normal
2024-11-04,soft-boiled eggs,Cloudy,False,False,1798,1280.0,790.0,1074.0,1616.25,2094.583,Normal
2024-11-04,soft-boiled eggs,Cloudy,True,False,1531,1798.0,1280.0,2597.0,1349.75,1274.8385,Normal
2024-11-04,soft-boiled eggs,Rainy,False,False,2315,1531.0,1798.0,790.0,1731.0,1226.6644,Overstock Risk
2024-11-04,soft-boiled eggs,Rainy,False,True,421,2315.0,1531.0,1280.0,1516.25,486.00644,Normal
2024-11-04,soft-boiled eggs,Rainy,True,False,654,421.0,2315.0,1798.0,1230.25,909.4523,Understock Risk
2024-11-04,soft-boiled eggs,Sunny,False,False,3216,654.0,421.0,1531.0,1651.5,3479.3784,Normal
2024-11-04,soft-boiled eggs,Sunny,False,True,847,3216.0,654.0,2315.0,1284.5,633.56165,Overstock Risk
2024-11-04,soft-boiled eggs,Sunny,True,False,1217,847.0,3216.0,421.0,1483.5,1209.5256,Normal
2024-11-11,soft-boiled eggs,Cloudy,False,False,1615,1217.0,847.0,654.0,1723.75,2395.9402,Understock Risk
2024-11-11,soft-boiled eggs,Cloudy,True,False,710,1615.0,1217.0,3216.0,1097.25,900.9366,Understock Risk
2024-11-11,soft-boiled eggs,Rainy,False,False,1259,710.0,1615.0,847.0,1200.25,1157.6313,Normal
2024-11-11,soft-boiled eggs,Rainy,True,False,2082,1259.0,710.0,1217.0,1416.5,1129.291,Overstock Risk
2024-11-11,soft-boiled eggs,Sunny,False,False,2846,2082.0,1259.0,1615.0,1724.25,2318.2546,Normal
2024-11-11,soft-boiled eggs,Sunny,False,True,569,2846.0,2082.0,710.0,1689.0,766.5688,Understock Risk
2024-11-11,soft-boiled eggs,Sunny,True,False,2809,569.0,2846.0,1259.0,2076.5,2265.3184,Normal
2024-11-18,soft-boiled eggs,Cloudy,False,False,1833,2809.0,569.0,2082.0,2014.25,2325.1924,Understock Risk
2024-11-18,soft-boiled eggs,Cloudy,False,True,769,1833.0,2809.0,2846.0,1495.0,338.35748,Overstock Risk
2024-11-18,soft-boiled eggs,Cloudy,True,False,823,769.0,1833.0,569.0,1558.5,1267.2135,Understock Risk
2024-11-18,soft-boiled eggs,Rainy,False,False,719,823.0,769.0,2809.0,1036.0,902.51996,Understock Risk
2024-11-18,soft-boiled eggs,Rainy,True,False,1815,719.0,823.0,1833.0,1031.5,1065.6357,Overstock Risk
2024-11-18,soft-boiled eggs,Sunny,False,False,2933,1815.0,719.0,769.0,1572.5,2416.8604,Normal
2024-11-18,soft-boiled eggs,Sunny,True,False,2189,2933.0,1815.0,823.0,1914.0,1742.3159,Overstock Risk
2024-11-25,soft-boiled eggs,Cloudy,False,False,1237,2189.0,2933.0,719.0,2043.5,2016.2793,Understock Risk
2024-11-25,soft-boiled eggs,Cloudy,True,False,796,1237.0,2189.0,1815.0,1788.75,1565.2554,Understock Risk
2024-11-25,soft-boiled eggs,Rainy,False,False,730,796.0,1237.0,2933.0,1238.0,1282.3456,Understock Risk
2024-11-25,soft-boiled eggs,Rainy,True,False,1424,730.0,796.0,2189.0,1046.75,862.44086,Overstock Risk
2024-11-25,soft-boiled eggs,Sunny,False,False,8033,1424.0,730.0,1237.0,2745.75,5971.3647,Overstock Risk
2024-11-25,soft-boiled eggs,Sunny,True,False,866,8033.0,1424.0,796.0,2763.25,1361.2811,Understock Risk
2024-12-02,soft-boiled eggs,Cloudy,False,False,3562,866.0,8033.0,730.0,3471.25,2163.7715,Overstock Risk
2024-12-02,soft-boiled eggs,Cloudy,True,True,476,3562.0,866.0,1424.0,3234.25,1291.1489,Understock Risk
2024-12-02,soft-boiled eggs,Rainy,False,False,1661,476.0,3562.0,8033.0,1641.25,1465.8779,Normal
2024-12-02,soft-boiled eggs,Rainy,False,True,576,1661.0,476.0,866.0,1568.75,927.72205,Understock Risk
2024-12-02,soft-boiled eggs,Rainy,True,False,684,576.0,1661.0,3562.0,849.25,634.0667,Normal
2024-12-02,soft-boiled eggs,Sunny,False,False,3674,684.0,576.0,476.0,1648.75,3576.9824,Normal
2024-12-02,soft-boiled eggs,Sunny,True,False,837,3674.0,684.0,1661.0,1442.75,1246.5323,Understock Risk
2024-12-09,soft-boiled eggs,Cloudy,False,False,2338,837.0,3674.0,576.0,1883.25,2052.9998,Normal
2024-12-09,soft-boiled eggs,Cloudy,True,False,1132,2338.0,837.0,684.0,1995.25,1303.0868,Normal
2024-12-09,soft-boiled eggs,Rainy,False,False,1280,1132.0,2338.0,3674.0,1396.75,1265.2091,Normal
2024-12-09,soft-boiled eggs,Rainy,True,False,784,1280.0,1132.0,837.0,1383.5,1142.9789,Understock Risk
2024-12-09,soft-boiled eggs,Sunny,False,False,5569,784.0,1280.0,2338.0,2191.25,4965.928,Normal
2024-12-09,soft-boiled eggs,Sunny,False,True,374,5569.0,784.0,1132.0,2001.75,456.47556,Understock Risk
2024-12-09,soft-boiled eggs,Sunny,True,False,3039,374.0,5569.0,1280.0,2441.5,1948.3099,Overstock Risk
2024-12-09,soft-boiled eggs,Sunny,True,True,825,3039.0,374.0,784.0,2451.75,1693.7633,Understock Risk
2024-12-16,soft-boiled eggs,Cloudy,False,False,3173,825.0,3039.0,5569.0,1852.75,2418.6072,Overstock Risk
2024-12-16,soft-boiled eggs,Rainy,False,False,1604,3173.0,825.0,374.0,2160.25,1347.6571,Normal
2024-12-16,soft-boiled eggs,Rainy,True,False,2235,1604.0,3173.0,3039.0,1959.25,925.0955,Overstock Risk
2024-12-16,soft-boiled eggs,Sunny,False,False,2239,2235.0,1604.0,825.0,2312.75,4086.0332,Understock Risk
2024-12-23,soft-boiled eggs,Cloudy,False,False,3548,2239.0,2235.0,3173.0,2406.5,2452.5112,Overstock Risk
2024-12-23,soft-boiled eggs,Cloudy,False,True,914,3548.0,2239.0,1604.0,2234.0,848.51215,Normal
2024-12-23,soft-boiled eggs,Cloudy,True,False,722,914.0,3548.0,2235.0,1855.75,1134.1183,Understock Risk
2024-12-23,soft-boiled eggs,Rainy,False,False,1167,722.0,914.0,2239.0,1587.75,1873.2145,Understock Risk
2024-12-23,soft-boiled eggs,Sunny,False,False,5780,1167.0,722.0,3548.0,2145.75,4416.904,Overstock Risk
2024-12-23,soft-boiled eggs,Sunny,True,False,864,5780.0,1167.0,914.0,2133.25,1065.301,Understock Risk
2024-12-23,soft-boiled eggs,Sunny,True,True,716,864.0,5780.0,722.0,2131.75,947.5286,Understock Risk
2024-12-30,soft-boiled eggs,Cloudy,False,False,1722,716.0,864.0,1167.0,2270.5,2489.6006,Understock Risk
2024-12-30,soft-boiled eggs,Rainy,False,False,345,1722.0,716.0,5780.0,911.75,889.3328,Understock Risk
2024-12-30,soft-boiled eggs,Sunny,False,False,1700,345.0,1722.0,864.0,1120.75,2247.7249,Understock Risk
2024-12-30,soft-boiled eggs,Sunny,False,True,453,1700.0,345.0,716.0,1055.0,411.10443,Normal
2024-01-01,white bread,Sunny,False,False,3512,762.0,2233.0,1085.0,1808.25,3293.8403,Normal
2024-01-01,white bread,Sunny,False,True,431,3512.0,762.0,726.0,1734.5,408.6927,Normal
2024-01-01,white bread,Sunny,True,False,1418,431.0,3512.0,2233.0,1530.75,1231.7512,Normal
2024-01-08,white bread,Cloudy,False,False,682,1418.0,431.0,762.0,1510.75,1272.7173,Understock Risk
2024-01-08,white bread,Cloudy,False,True,740,682.0,1418.0,3512.0,817.75,712.1559,Normal
2024-01-08,white bread,Cloudy,True,False,667,740.0,682.0,431.0,876.75,701.68646,Normal
2024-01-08,white bread,Rainy,False,False,1519,667.0,740.0,1418.0,902.0,1258.461,Normal
2024-01-08,white bread,Sunny,False,False,3348,1519.0,667.0,682.0,1568.5,2821.0693,Normal
2024-01-08,white bread,Sunny,True,False,1071,3348.0,1519.0,740.0,1651.25,1300.463,Understock Risk
2024-01-15,white bread,Cloudy,False,False,2646,1071.0,3348.0,667.0,2146.0,2462.163,Normal
2024-01-15,white bread,Cloudy,True,False,1435,2646.0,1071.0,1519.0,2125.0,1275.836,Normal
2024-01-15,white bread,Rainy,False,False,632,1435.0,2646.0,3348.0,1446.0,806.8287,Understock Risk
2024-01-15,white bread,Rainy,True,False,908,632.0,1435.0,1071.0,1405.25,1161.57,Understock Risk
2024-01-15,white bread,Sunny,False,False,2838,908.0,632.0,2646.0,1453.25,2903.0945,Normal
2024-01-15,white bread,Sunny,True,False,1068,2838.0,908.0,1435.0,1361.5,1194.5294,Normal
2024-01-22,white bread,Cloudy,False,False,1948,1068.0,2838.0,632.0,1690.5,1965.1112,Normal
2024-01-22,white bread,Rainy,False,False,1860,1948.0,1068.0,908.0,1928.5,1703.2225,Normal
2024-01-22,white bread,Sunny,False,False,4164,1860.0,1948.0,2838.0,2260.0,4316.791,Normal
2024-01-22,white bread,Sunny,True,False,1634,4164.0,1860.0,1068.0,2401.5,1546.9426,Normal
2024-01-22,white bread,Sunny,True,True,716,1634.0,4164.0,1948.0,2093.5,584.3364,Normal
2024-01-29,white bread,Cloudy,False,False,822,716.0,1634.0,1860.0,1834.0,1552.0754,Understock Risk
2024-01-29,white bread,Rainy,False,False,1804,822.0,716.0,4164.0,1244.0,1448.4054,Normal
2024-01-29,white bread,Rainy,True,False,806,1804.0,822.0,1634.0,1037.0,729.06213,Normal
2024-01-29,white bread,Sunny,False,False,2872,806.0,1804.0,716.0,1576.0,2965.3745,Normal
2024-01-29,white bread,Sunny,False,True,1017,2872.0,806.0,822.0,1624.75,1010.1852,Normal
2024-01-29,white bread,Sunny,True,False,874,1017.0,2872.0,1804.0,1392.25,962.66907,Normal
2024-02-05,white bread,Cloudy,False,False,2962,874.0,1017.0,806.0,1931.25,2726.595,Normal
2024-02-05,white bread,Cloudy,True,False,686,2962.0,874.0,2872.0,1384.75,961.1093,Understock Risk
2024-02-05,white bread,Rainy,False,False,2499,686.0,2962.0,1017.0,1755.25,1942.1334,Overstock Risk
2024-02-05,white bread,Rainy,False,True,832,2499.0,686.0,874.0,1744.75,620.2126,Overstock Risk
2024-02-05,white bread,Sunny,False,False,1449,832.0,2499.0,2962.0,1366.5,1747.5071,Understock Risk
2024-02-05,white bread,Sunny,True,False,1270,1449.0,832.0,686.0,1512.5,1544.898,Understock Risk
2024-02-12,white bread,Cloudy,False,False,5393,1270.0,1449.0,2499.0,2236.0,4659.633,Normal
2024-02-12,white bread,Cloudy,True,False,612,5393.0,1270.0,832.0,2181.0,695.76056,Normal
2024-02-12,white bread,Rainy,False,False,2100,612.0,5393.0,1449.0,2343.75,2030.8807,Normal
2024-02-12,white bread,Sunny,False,False,4015,2100.0,612.0,1270.0,3030.0,4701.445,Normal
2024-02-12,white bread,Sunny,False,True,491,4015.0,2100.0,5393.0,1804.5,379.08453,Overstock Risk
2024-02-12,white bread,Sunny,True,False,2840,491.0,4015.0,612.0,2361.5,2569.2224,Normal
2024-02-19,white bread,Cloudy,False,False,4687,2840.0,491.0,2100.0,3008.25,4292.8916,Normal
2024-02-19,white bread,Cloudy,True,False,633,4687.0,2840.0,4015.0,2162.75,711.0253,Normal
2024-02-19,white bread,Rainy,False,False,2765,633.0,4687.0,491.0,2731.25,2616.727,Normal
2024-02-19,white bread,Rainy,True,False,1832,2765.0,633.0,2840.0,2479.25,1783.0808,Normal
2024-02-19,white bread,Sunny,False,False,4414,1832.0,2765.0,4687.0,2411.0,4458.7793,Normal
2024-02-19,white bread,Sunny,True,False,603,4414.0,1832.0,633.0,2403.5,1063.7577,Understock Risk
2024-02-26,white bread,Cloudy,False,False,1351,603.0,4414.0,2765.0,2050.0,1728.8138,Understock Risk
2024-02-26,white bread,Cloudy,False,True,255,1351.0,603.0,1832.0,1655.75,616.2501,Understock Risk
2024-02-26,white bread,Cloudy,True,False,721,255.0,1351.0,4414.0,732.5,713.1917,Normal
2024-02-26,white bread,Rainy,False,False,1056,721.0,255.0,603.0,845.75,1039.1394,Normal
2024-02-26,white bread,Rainy,True,False,760,1056.0,721.0,1351.0,698.0,671.34485,Normal
2024-02-26,white bread,Sunny,False,False,4852,760.0,1056.0,255.0,1847.25,4496.9214,Normal
2024-02-26,white bread,Sunny,False,True,429,4852.0,760.0,721.0,1774.25,371.2582,Normal
2024-02-26,white bread,Sunny,True,False,1481,429.0,4852.0,1056.0,1880.5,1503.5355,Normal
2024-02-26,white bread,Sunny,True,True,852,1481.0,429.0,760.0,1903.5,927.25507,Normal
2024-03-04,white bread,Cloudy,False,False,1912,852.0,1481.0,4852.0,1168.5,1700.0605,Normal
2024-03-04,white bread,Cloudy,True,False,2497,1912.0,852.0,429.0,1685.5,2002.0806,Normal
2024-03-04,white bread,Rainy,False,False,1248,2497.0,1912.0,1481.0,1627.25,1173.3987,Normal
2024-03-04,white bread,Rainy,True,False,1763,1248.0,2497.0,852.0,1855.0,1598.1486,Normal
2024-03-04,white bread,Sunny,False,False,1541,1763.0,1248.0,1912.0,1762.25,2164.1438,Understock Risk
2024-03-04,white bread,Sunny,True,False,2189,1541.0,1763.0,2497.0,1685.25,2082.0063,Normal
2024-03-11,white bread,Cloudy,False,False,3033,2189.0,1541.0,1248.0,2131.5,2310.8628,Overstock Risk
2024-03-11,white bread,Cloudy,True,False,933,3033.0,2189.0,1763.0,1924.0,1025.7096,Normal
2024-03-11,white bread,Rainy,False,False,916,933.0,3033.0,1541.0,1767.75,1389.2181,Understock Risk
2024-03-11,white bread,Sunny,False,False,3865,916.0,933.0,2189.0,2186.75,4523.2886,Normal
2024-03-11,white bread,Sunny,True,False,2547,3865.0,916.0,3033.0,2065.25,2108.3767,Normal
2024-03-18,white bread,Cloudy,False,False,1737,2547.0,3865.0,933.0,2266.25,1922.7977,Normal
2024-03-18,white bread,Cloudy,False,True,607,1737.0,2547.0,916.0,2189.0,738.19904,Understock Risk
2024-03-18,white bread,Cloudy,True,False,595,607.0,1737.0,3865.0,1371.5,1139.2113,Understock Risk
2024-03-18,white bread,Rainy,False,False,694,595.0,607.0,2547.0,908.25,1039.1349,Understock Risk
2024-03-18,white bread,Rainy,False,True,959,694.0,595.0,1737.0,713.75,748.6603,Overstock Risk
2024-03-18,white bread,Rainy,True,False,721,959.0,694.0,607.0,742.25,630.9876,Normal
2024-03-18,white bread,Sunny,False,False,3085,721.0,959.0,595.0,1364.75,2719.824,Normal
2024-03-18,white bread,Sunny,True,False,902,3085.0,721.0,694.0,1416.75,1103.8049,Understock Risk
2024-03-25,white bread,Cloudy,False,False,2748,902.0,3085.0,959.0,1864.0,2496.8662,Normal
2024-03-25,white bread,Cloudy,True,False,784,2748.0,902.0,721.0,1879.75,942.9837,Understock Risk
2024-03-25,white bread,Rainy,False,False,523,784.0,2748.0,3085.0,1239.25,558.46844,Normal
2024-03-25,white bread,Rainy,True,False,933,523.0,784.0,902.0,1247.0,1128.399,Understock Risk
2024-03-25,white bread,Sunny,False,False,4557,933.0,523.0,2748.0,1699.25,3850.4639,Normal
2024-03-25,white bread,Sunny,False,True,656,4557.0,933.0,784.0,1667.25,517.6125,Overstock Risk
2024-03-25,white bread,Sunny,True,False,1263,656.0,4557.0,523.0,1852.25,1426.2797,Normal
2024-04-01,white bread,Cloudy,False,False,1741,1263.0,656.0,933.0,2054.25,2266.316,Understock Risk
2024-04-01,white bread,Rainy,False,False,364,1741.0,1263.0,4557.0,1006.0,742.16815,Understock Risk
2024-04-01,white bread,Sunny,False,False,5646,364.0,1741.0,656.0,2253.5,5673.526,Normal
2024-04-08,white bread,Cloudy,False,False,2007,5646.0,364.0,1263.0,2439.5,2081.2524,Normal
2024-04-08,white bread,Cloudy,True,False,742,2007.0,5646.0,1741.0,2189.75,786.11096,Normal
2024-04-08,white bread,Rainy,False,False,703,742.0,2007.0,364.0,2274.5,1204.7107,Understock Risk
2024-04-08,white bread,Sunny,False,False,2096,703.0,742.0,5646.0,1387.0,2383.5798,Normal
2024-04-08,white bread,Sunny,False,True,230,2096.0,703.0,2007.0,942.75,280.01636,Understock Risk
2024-04-08,white bread,Sunny,True,False,1641,230.0,2096.0,742.0,1167.5,1546.0493,Normal
2024-04-15,white bread,Cloudy,False,False,2958,1641.0,230.0,703.0,1731.25,2567.0088,Normal
2024-04-15,white bread,Cloudy,True,False,2083,2958.0,1641.0,2096.0,1728.0,1557.0428,Overstock Risk
2024-04-15,white bread,Rainy,False,False,506,2083.0,2958.0,230.0,1797.0,724.30554,Understock Risk
2024-04-15,white bread,Sunny,False,False,5760,506.0,2083.0,1641.0,2826.75,6196.503,Normal
2024-04-15,white bread,Sunny,False,True,884,5760.0,506.0,2958.0,2308.25,916.9933,Normal
2024-04-15,white bread,Sunny,True,False,1619,884.0,5760.0,2083.0,2192.25,1634.1982,Normal
2024-04-22,white bread,Cloudy,False,False,1692,1619.0,884.0,506.0,2488.75,1975.9259,Normal
2024-04-22,white bread,Rainy,False,False,1304,1692.0,1619.0,5760.0,1374.75,1221.1976,Normal
2024-04-22,white bread,Rainy,True,False,694,1304.0,1692.0,884.0,1327.25,840.56866,Understock Risk
2024-04-22,white bread,Sunny,False,False,2681,694.0,1304.0,1619.0,1592.75,3050.41,Normal
2024-04-22,white bread,Sunny,False,True,869,2681.0,694.0,1692.0,1387.0,707.6857,Normal
2024-04-22,white bread,Sunny,True,False,621,869.0,2681.0,1304.0,1216.25,763.6109,Understock Risk
2024-04-29,white bread,Cloudy,False,False,1743,621.0,869.0,694.0,1478.5,1684.0691,Normal
2024-04-29,white bread,Cloudy,True,False,2271,1743.0,621.0,2681.0,1376.0,1580.8513,Overstock Risk
2024-04-29,white bread,Rainy,False,False,3465,2271.0,1743.0,869.0,2025.0,2468.6892,Overstock Risk
2024-04-29,white bread,Rainy,True,False,1470,3465.0,2271.0,621.0,2237.25,1157.607,Overstock Risk
2024-04-29,white bread,Sunny,False,False,1501,1470.0,3465.0,1743.0,2176.75,2246.742,Understock Risk
2024-04-29,white bread,Sunny,True,False,504,1501.0,1470.0,2271.0,1735.0,1275.4484,Understock Risk
2024-05-06,white bread,Cloudy,False,False,3305,504.0,1501.0,3465.0,1695.0,2797.6592,Normal
2024-05-06,white bread,Cloudy,True,False,709,3305.0,504.0,1470.0,1504.75,872.7817,Understock Risk
2024-05-06,white bread,Rainy,False,False,901,709.0,3305.0,1501.0,1354.75,1017.7523,Normal
2024-05-06,white bread,Sunny,False,False,5268,901.0,709.0,504.0,2545.75,5534.2827,Normal
2024-05-13,white bread,Cloudy,False,False,2017,5268.0,901.0,3305.0,2223.75,2091.269,Normal
2024-05-13,white bread,Cloudy,True,False,925,2017.0,5268.0,709.0,2277.75,1043.962,Normal
2024-05-13,white bread,Rainy,False,False,2093,925.0,2017.0,901.0,2575.75,2090.9375,Normal
2024-05-13,white bread,Sunny,False,False,1749,2093.0,925.0,5268.0,1696.0,2226.5085,Understock Risk
2024-05-13,white bread,Sunny,True,False,1296,1749.0,2093.0,2017.0,1515.75,1311.558,Normal
2024-05-20,white bread,Cloudy,False,False,2590,1296.0,1749.0,925.0,1932.0,2620.6143,Normal
2024-05-20,white bread,Rainy,False,False,2461,2590.0,1296.0,2093.0,2024.0,2057.0847,Normal
2024-05-20,white bread,Sunny,False,False,3017,2461.0,2590.0,1749.0,2341.0,3315.2383,Normal
2024-05-27,white bread,Cloudy,False,False,4294,3017.0,2461.0,1296.0,3090.5,3953.281,Normal
2024-05-27,white bread,Cloudy,True,False,784,4294.0,3017.0,2590.0,2639.0,1003.17126,Understock Risk
2024-05-27,white bread,Rainy,False,False,1188,784.0,4294.0,2461.0,2320.75,1470.8644,Understock Risk
2024-05-27,white bread,Rainy,False,True,546,1188.0,784.0,3017.0,1703.0,878.7232,Understock Risk
2024-05-27,white bread,Sunny,False,False,1013,546.0,1188.0,4294.0,882.75,1233.8793,Understock Risk
2024-05-27,white bread,Sunny,True,False,1099,1013.0,546.0,784.0,961.5,1129.9509,Normal
2024-06-03,white bread,Cloudy,False,False,1900,1099.0,1013.0,1188.0,1139.5,1463.956,Overstock Risk
2024-06-03,white bread,Cloudy,False,True,557,1900.0,1099.0,546.0,1142.25,416.47186,Overstock Risk
2024-06-03,white bread,Cloudy,True,False,1651,557.0,1900.0,1013.0,1301.75,1251.9103,Overstock Risk
2024-06-03,white bread,Rainy,False,False,1636,1651.0,557.0,1099.0,1436.0,1294.1818,Overstock Risk
2024-06-03,white bread,Rainy,True,False,493,1636.0,1651.0,1900.0,1084.25,450.1585,Normal
2024-06-03,white bread,Sunny,False,False,4350,493.0,1636.0,557.0,2032.5,4468.1445,Normal
2024-06-03,white bread,Sunny,True,False,2431,4350.0,493.0,1651.0,2227.5,2331.5671,Normal
2024-06-10,white bread,Cloudy,False,False,2941,2431.0,4350.0,1636.0,2553.75,2686.6128,Normal
2024-06-10,white bread,Cloudy,False,True,558,2941.0,2431.0,493.0,2570.0,666.15906,Normal
2024-06-10,white bread,Rainy,False,False,922,558.0,2941.0,4350.0,1713.0,1363.0693,Understock Risk
2024-06-10,white bread,Sunny,False,False,4579,922.0,558.0,2431.0,2250.0,5057.3447,Normal
2024-06-10,white bread,Sunny,True,False,2193,4579.0,922.0,2941.0,2063.0,1947.3242,Normal
2024-06-17,white bread,Cloudy,False,False,1850,2193.0,4579.0,558.0,2386.0,2067.5542,Normal
2024-06-17,white bread,Cloudy,True,False,619,1850.0,2193.0,922.0,2310.25,967.1241,Understock Risk
2024-06-17,white bread,Rainy,False,False,1934,619.0,1850.0,4579.0,1649.0,1856.934,Normal
2024-06-17,white bread,Rainy,True,False,576,1934.0,619.0,2193.0,1244.75,975.4973,Understock Risk
2024-06-17,white bread,Sunny,False,False,2555,576.0,1934.0,1850.0,1421.0,2503.9712,Normal
2024-06-24,white bread,Cloudy,False,False,2043,2555.0,576.0,619.0,1777.0,1767.2748,Normal
2024-06-24,white bread,Cloudy,True,False,677,2043.0,2555.0,1934.0,1462.75,771.88934,Normal
2024-06-24,white bread,Rainy,False,False,1339,677.0,2043.0,576.0,1653.5,1764.4829,Understock Risk
2024-06-24,white bread,Rainy,False,True,972,1339.0,677.0,2555.0,1257.75,872.028,Normal
2024-06-24,white bread,Rainy,True,False,817,972.0,1339.0,2043.0,951.25,636.40753,Overstock Risk
2024-06-24,white bread,Sunny,False,False,1330,817.0,972.0,677.0,1114.5,1903.3628,Understock Risk
2024-06-24,white bread,Sunny,True,False,3118,1330.0,817.0,1339.0,1559.25,2426.176,Overstock Risk
2024-07-01,white bread,Cloudy,False,False,1771,3118.0,1330.0,972.0,1759.0,1605.6981,Normal
2024-07-01,white bread,Rainy,False,False,1028,1771.0,3118.0,817.0,1811.75,1174.0835,Normal
2024-07-01,white bread,Rainy,True,False,1010,1028.0,1771.0,1330.0,1731.75,1297.4633,Understock Risk
2024-07-01,white bread,Sunny,False,False,3893,1010.0,1028.0,3118.0,1925.5,4168.3706,Normal
2024-07-01,white bread,Sunny,False,True,393,3893.0,1010.0,1771.0,1581.0,457.2551,Normal
2024-07-01,white bread,Sunny,True,False,1867,393.0,3893.0,1028.0,1790.75,1664.4048,Normal
2024-07-08,white bread,Cloudy,False,False,2288,1867.0,393.0,1010.0,2110.25,2325.0674,Normal
2024-07-08,white bread,Cloudy,True,False,1416,2288.0,1867.0,3893.0,1491.0,1061.7278,Overstock Risk
2024-07-08,white bread,Rainy,False,False,1720,1416.0,2288.0,393.0,1822.75,1545.2023,Normal
2024-07-08,white bread,Rainy,True,True,603,1720.0,1416.0,1867.0,1506.75,595.18604,Normal
2024-07-08,white bread,Sunny,False,False,2362,603.0,1720.0,2288.0,1525.25,2787.7803,Normal
2024-07-08,white bread,Sunny,True,False,1900,2362.0,603.0,1416.0,1646.25,1614.6599,Normal
2024-07-15,white bread,Cloudy,False,False,1398,1900.0,2362.0,1720.0,1565.75,1555.9937,Normal
2024-07-15,white bread,Rainy,False,False,151,1398.0,1900.0,603.0,1452.75,737.66394,Understock Risk
2024-07-15,white bread,Rainy,True,False,1265,151.0,1398.0,2362.0,1178.5,1241.4076,Normal
2024-07-15,white bread,Sunny,False,False,2709,1265.0,151.0,1900.0,1380.75,2738.3853,Normal
2024-07-15,white bread,Sunny,True,False,1533,2709.0,1265.0,1398.0,1414.5,1115.6263,Overstock Risk
2024-07-22,white bread,Cloudy,False,False,2564,1533.0,2709.0,151.0,2017.75,2380.0427,Normal
2024-07-22,white bread,Rainy,False,False,1348,2564.0,1533.0,1265.0,2038.5,1639.7627,Understock Risk
2024-07-22,white bread,Sunny,False,False,3805,1348.0,2564.0,2709.0,2312.5,3983.651,Normal
2024-07-22,white bread,Sunny,False,True,393,3805.0,1348.0,1533.0,2027.5,688.093,Understock Risk
2024-07-22,white bread,Sunny,True,False,909,393.0,3805.0,2564.0,1613.75,937.5958,Normal
2024-07-29,white bread,Cloudy,False,False,2034,909.0,393.0,1348.0,1785.25,2147.869,Normal
2024-07-29,white bread,Cloudy,True,False,1569,2034.0,909.0,3805.0,1226.25,1204.8912,Overstock Risk
2024-07-29,white bread,Rainy,False,False,1840,1569.0,2034.0,393.0,1588.0,1357.3455,Overstock Risk
2024-07-29,white bread,Rainy,True,True,817,1840.0,1569.0,909.0,1565.0,694.149,Normal
2024-07-29,white bread,Sunny,False,False,2863,817.0,1840.0,2034.0,1772.25,2957.5076,Normal
2024-07-29,white bread,Sunny,True,True,887,2863.0,817.0,1569.0,1601.75,868.5666,Normal
2024-08-05,white bread,Cloudy,False,False,2183,887.0,2863.0,1840.0,1687.5,1996.7218,Normal
2024-08-05,white bread,Cloudy,True,False,908,2183.0,887.0,817.0,1710.25,1026.99,Normal
2024-08-05,white bread,Rainy,False,False,1042,908.0,2183.0,2863.0,1255.0,1027.657,Normal
2024-08-05,white bread,Sunny,False,False,5122,1042.0,908.0,887.0,2313.75,4964.406,Normal
2024-08-05,white bread,Sunny,True,False,820,5122.0,1042.0,2183.0,1973.0,1043.7274,Understock Risk
2024-08-12,white bread,Cloudy,False,False,2239,820.0,5122.0,908.0,2305.75,2164.2827,Normal
2024-08-12,white bread,Rainy,False,False,915,2239.0,820.0,1042.0,2274.0,1359.4493,Understock Risk
2024-08-12,white bread,Rainy,True,False,556,915.0,2239.0,5122.0,1132.5,568.3708,Normal
2024-08-12,white bread,Sunny,False,False,1971,556.0,915.0,820.0,1420.25,2481.9307,Understock Risk
2024-08-12,white bread,Sunny,False,True,465,1971.0,556.0,2239.0,976.75,501.61316,Normal
2024-08-12,white bread,Sunny,True,False,1445,465.0,1971.0,915.0,1109.25,1344.5847,Normal
2024-08-19,white bread,Cloudy,False,False,4861,1445.0,465.0,556.0,2185.5,3983.9397,Normal
2024-08-19,white bread,Rainy,False,False,1157,4861.0,1445.0,1971.0,1982.0,1182.3036,Normal
2024-08-19,white bread,Sunny,False,False,5661,1157.0,4861.0,465.0,3281.0,5883.854,Normal
2024-08-19,white bread,Sunny,False,True,762,5661.0,1157.0,1445.0,3110.25,919.723,Understock Risk
2024-08-26,white bread,Cloudy,False,False,3052,762.0,5661.0,4861.0,2658.0,2889.43,Normal
2024-08-26,white bread,Cloudy,True,False,862,3052.0,762.0,1157.0,2584.25,909.19543,Normal
2024-08-26,white bread,Rainy,False,False,3634,862.0,3052.0,5661.0,2077.5,3022.528,Normal
2024-08-26,white bread,Rainy,True,False,499,3634.0,862.0,762.0,2011.75,659.62134,Understock Risk
2024-08-26,white bread,Sunny,False,False,2500,499.0,3634.0,3052.0,1873.75,2814.337,Normal
2024-08-26,white bread,Sunny,True,False,1884,2500.0,499.0,862.0,2129.25,1853.7181,Normal
2024-09-02,white bread,Cloudy,False,False,1639,1884.0,2500.0,3634.0,1630.5,1507.1141,Normal
2024-09-02,white bread,Cloudy,False,True,460,1639.0,1884.0,499.0,1620.75,440.10358,Normal
2024-09-02,white bread,Cloudy,True,False,804,460.0,1639.0,2500.0,1196.75,1061.358,Understock Risk
2024-09-02,white bread,Rainy,False,False,969,804.0,460.0,1884.0,968.0,986.80634,Normal
2024-09-02,white bread,Rainy,True,False,862,969.0,804.0,1639.0,773.75,808.67267,Normal
2024-09-02,white bread,Sunny,False,False,2754,862.0,969.0,460.0,1347.25,2691.7524,Normal
2024-09-02,white bread,Sunny,False,True,801,2754.0,862.0,804.0,1346.5,654.60065,Normal
2024-09-02,white bread,Sunny,True,False,1582,801.0,2754.0,969.0,1499.75,1437.289,Normal
2024-09-09,white bread,Cloudy,False,False,2425,1582.0,801.0,862.0,1890.5,2290.181,Normal
2024-09-09,white bread,Rainy,False,False,816,2425.0,1582.0,2754.0,1406.0,1146.0566,Understock Risk
2024-09-09,white bread,Rainy,True,False,1854,816.0,2425.0,801.0,1669.25,1631.8245,Normal
2024-09-09,white bread,Sunny,False,False,1424,1854.0,816.0,1582.0,1629.75,2154.6067,Understock Risk
2024-09-09,white bread,Sunny,True,False,799,1424.0,1854.0,2425.0,1223.25,834.9167,Normal
2024-09-16,white bread,Cloudy,False,False,2521,799.0,1424.0,816.0,1649.5,2369.5972,Normal
2024-09-16,white bread,Rainy,False,False,1416,2521.0,799.0,1854.0,1540.0,1346.2905,Normal
2024-09-16,white bread,Rainy,False,True,374,1416.0,2521.0,1424.0,1277.5,256.18616,Overstock Risk
2024-09-16,white bread,Rainy,True,False,936,374.0,1416.0,799.0,1311.75,1046.2366,Normal
2024-09-16,white bread,Sunny,False,False,1712,936.0,374.0,2521.0,1109.5,2016.6212,Normal
2024-09-16,white bread,Sunny,True,False,651,1712.0,936.0,1416.0,918.25,818.17755,Understock Risk
2024-09-23,white bread,Cloudy,False,False,1734,651.0,1712.0,374.0,1258.25,1523.1329,Normal
2024-09-23,white bread,Cloudy,False,True,640,1734.0,651.0,936.0,1184.25,569.28357,Normal
2024-09-23,white bread,Cloudy,True,False,725,640.0,1734.0,1712.0,937.5,748.2038,Normal
2024-09-23,white bread,Rainy,False,False,1698,725.0,640.0,651.0,1199.25,1378.1783,Normal
2024-09-23,white bread,Sunny,False,False,3010,1698.0,725.0,1734.0,1518.25,2640.582,Normal
2024-09-23,white bread,Sunny,True,False,2108,3010.0,1698.0,640.0,1885.25,1824.8597,Normal
2024-09-30,white bread,Cloudy,False,False,2716,2108.0,3010.0,725.0,2383.0,2431.485,Normal
2024-09-30,white bread,Cloudy,True,False,768,2716.0,2108.0,1698.0,2150.5,1138.7444,Understock Risk
2024-09-30,white bread,Rainy,False,False,796,768.0,2716.0,3010.0,1597.0,1079.9259,Understock Risk
2024-09-30,white bread,Sunny,False,False,2431,796.0,768.0,2108.0,1677.75,3139.3525,Understock Risk
2024-10-07,white bread,Cloudy,False,False,1982,2431.0,796.0,2716.0,1494.25,1846.8025,Normal
2024-10-07,white bread,Cloudy,True,False,784,1982.0,2431.0,768.0,1498.25,857.1554,Normal
2024-10-07,white bread,Rainy,False,False,2233,784.0,1982.0,796.0,1857.5,2015.1501,Normal
2024-10-07,white bread,Rainy,False,True,458,2233.0,784.0,2431.0,1364.25,445.36163,Normal
2024-10-07,white bread,Rainy,True,False,652,458.0,2233.0,1982.0,1031.75,744.4819,Normal
2024-10-07,white bread,Sunny,False,False,4625,652.0,458.0,784.0,1992.0,4441.0454,Normal
2024-10-07,white bread,Sunny,False,True,440,4625.0,652.0,2233.0,1543.75,539.232,Understock Risk
2024-10-07,white bread,Sunny,True,False,1367,440.0,4625.0,458.0,1771.0,1206.9924,Normal
2024-10-14,white bread,Cloudy,False,False,1712,1367.0,440.0,652.0,2036.0,2029.5768,Normal
2024-10-14,white bread,Cloudy,False,True,726,1712.0,1367.0,4625.0,1061.25,584.0957,Normal
2024-10-14,white bread,Cloudy,True,False,972,726.0,1712.0,440.0,1194.25,883.265,Normal
2024-10-14,white bread,Cloudy,True,True,597,972.0,726.0,1367.0,1001.75,676.8821,Normal
2024-10-14,white bread,Rainy,False,False,1653,597.0,972.0,1712.0,987.0,1231.3312,Overstock Risk
2024-10-14,white bread,Rainy,True,False,627,1653.0,597.0,726.0,962.25,664.61646,Normal
2024-10-14,white bread,Sunny,False,False,3987,627.0,1653.0,972.0,1716.0,3642.365,Normal
2024-10-14,white bread,Sunny,True,False,735,3987.0,627.0,597.0,1750.5,1089.6152,Understock Risk
2024-10-21,white bread,Cloudy,False,False,1719,735.0,3987.0,1653.0,1767.0,1620.1024,Normal
2024-10-21,white bread,Cloudy,True,False,1366,1719.0,735.0,627.0,1951.75,1339.4126,Normal
2024-10-21,white bread,Rainy,False,False,1078,1366.0,1719.0,3987.0,1224.5,1057.7781,Normal
2024-10-21,white bread,Rainy,True,False,645,1078.0,1366.0,735.0,1202.0,856.7862,Understock Risk
2024-10-21,white bread,Sunny,False,False,3444,645.0,1078.0,1719.0,1633.25,3445.7131,Normal
2024-10-21,white bread,Sunny,False,True,428,3444.0,645.0,1366.0,1398.75,520.34326,Understock Risk
2024-10-21,white bread,Sunny,True,False,1161,428.0,3444.0,1078.0,1419.5,994.052,Normal
2024-10-21,white bread,Sunny,True,True,825,1161.0,428.0,645.0,1464.5,979.6702,Normal
2024-10-28,white bread,Cloudy,False,False,4250,825.0,1161.0,3444.0,1666.0,2506.038,Overstock Risk
2024-10-28,white bread,Cloudy,False,True,546,4250.0,825.0,428.0,1695.5,488.14383,Normal
2024-10-28,white bread,Cloudy,True,False,623,546.0,4250.0,1161.0,1561.0,869.33734,Understock Risk
2024-10-28,white bread,Rainy,False,False,1074,623.0,546.0,825.0,1623.25,2015.9602,Understock Risk
2024-10-28,white bread,Sunny,False,False,2597,1074.0,623.0,4250.0,1210.0,2432.9917,Normal
2024-10-28,white bread,Sunny,False,True,790,2597.0,1074.0,546.0,1271.0,328.73575,Overstock Risk
2024-10-28,white bread,Sunny,True,False,1280,790.0,2597.0,623.0,1435.25,1226.0604,Normal
2024-11-04,white bread,Cloudy,False,False,1798,1280.0,790.0,1074.0,1616.25,2094.583,Normal
2024-11-04,white bread,Cloudy,True,False,1531,1798.0,1280.0,2597.0,1349.75,1274.8385,Normal
2024-11-04,white bread,Rainy,False,False,2315,1531.0,1798.0,790.0,1731.0,1226.6644,Overstock Risk
2024-11-04,white bread,Rainy,False,True,421,2315.0,1531.0,1280.0,1516.25,486.00644,Normal
2024-11-04,white bread,Rainy,True,False,654,421.0,2315.0,1798.0,1230.25,909.4523,Understock Risk
2024-11-04,white bread,Sunny,False,False,3216,654.0,421.0,1531.0,1651.5,3479.3784,Normal
2024-11-04,white bread,Sunny,False,True,847,3216.0,654.0,2315.0,1284.5,633.56165,Overstock Risk
2024-11-04,white bread,Sunny,True,False,1217,847.0,3216.0,421.0,1483.5,1209.5256,Normal
2024-11-11,white bread,Cloudy,False,False,1615,1217.0,847.0,654.0,1723.75,2395.9402,Understock Risk
2024-11-11,white bread,Cloudy,True,False,710,1615.0,1217.0,3216.0,1097.25,900.9366,Understock Risk
2024-11-11,white bread,Rainy,False,False,1259,710.0,1615.0,847.0,1200.25,1157.6313,Normal
2024-11-11,white bread,Rainy,True,False,2082,1259.0,710.0,1217.0,1416.5,1129.291,Overstock Risk
2024-11-11,white bread,Sunny,False,False,2846,2082.0,1259.0,1615.0,1724.25,2318.2546,Normal
2024-11-11,white bread,Sunny,False,True,569,2846.0,2082.0,710.0,1689.0,766.5688,Understock Risk
2024-11-11,white bread,Sunny,True,False,2809,569.0,2846.0,1259.0,2076.5,2265.3184,Normal
2024-11-18,white bread,Cloudy,False,False,1833,2809.0,569.0,2082.0,2014.25,2325.1924,Understock Risk
2024-11-18,white bread,Cloudy,False,True,769,1833.0,2809.0,2846.0,1495.0,338.35748,Overstock Risk
2024-11-18,white bread,Cloudy,True,False,823,769.0,1833.0,569.0,1558.5,1267.2135,Understock Risk
2024-11-18,white bread,Rainy,False,False,719,823.0,769.0,2809.0,1036.0,902.51996,Understock Risk
2024-11-18,white bread,Rainy,True,False,1815,719.0,823.0,1833.0,1031.5,1065.6357,Overstock Risk
2024-11-18,white bread,Sunny,False,False,2933,1815.0,719.0,769.0,1572.5,2416.8604,Normal
2024-11-18,white bread,Sunny,True,False,2189,2933.0,1815.0,823.0,1914.0,1742.3159,Overstock Risk
2024-11-25,white bread,Cloudy,False,False,1237,2189.0,2933.0,719.0,2043.5,2016.2793,Understock Risk
2024-11-25,white bread,Cloudy,True,False,796,1237.0,2189.0,1815.0,1788.75,1565.2554,Understock Risk
2024-11-25,white bread,Rainy,False,False,730,796.0,1237.0,2933.0,1238.0,1282.3456,Understock Risk
2024-11-25,white bread,Rainy,True,False,1424,730.0,796.0,2189.0,1046.75,862.44086,Overstock Risk
2024-11-25,white bread,Sunny,False,False,8033,1424.0,730.0,1237.0,2745.75,5971.3647,Overstock Risk
2024-11-25,white bread,Sunny,True,False,866,8033.0,1424.0,796.0,2763.25,1361.2811,Understock Risk
2024-12-02,white bread,Cloudy,False,False,3562,866.0,8033.0,730.0,3471.25,2163.7715,Overstock Risk
2024-12-02,white bread,Cloudy,True,True,476,3562.0,866.0,1424.0,3234.25,1291.1489,Understock Risk
2024-12-02,white bread,Rainy,False,False,1661,476.0,3562.0,8033.0,1641.25,1465.8779,Normal
2024-12-02,white bread,Rainy,False,True,576,1661.0,476.0,866.0,1568.75,927.72205,Understock Risk
2024-12-02,white bread,Rainy,True,False,684,576.0,1661.0,3562.0,849.25,634.0667,Normal
2024-12-02,white bread,Sunny,False,False,3674,684.0,576.0,476.0,1648.75,3576.9824,Normal
2024-12-02,white bread,Sunny,True,False,837,3674.0,684.0,1661.0,1442.75,1246.5323,Understock Risk
2024-12-09,white bread,Cloudy,False,False,2338,837.0,3674.0,576.0,1883.25,2052.9998,Normal
2024-12-09,white bread,Cloudy,True,False,1132,2338.0,837.0,684.0,1995.25,1303.0868,Normal
2024-12-09,white bread,Rainy,False,False,1280,1132.0,2338.0,3674.0,1396.75,1265.2091,Normal
2024-12-09,white bread,Rainy,True,False,784,1280.0,1132.0,837.0,1383.5,1142.9789,Understock Risk
2024-12-09,white bread,Sunny,False,False,5569,784.0,1280.0,2338.0,2191.25,4965.928,Normal
2024-12-09,white bread,Sunny,False,True,374,5569.0,784.0,1132.0,2001.75,456.47556,Understock Risk
2024-12-09,white bread,Sunny,True,False,3039,374.0,5569.0,1280.0,2441.5,1948.3099,Overstock Risk
2024-12-09,white bread,Sunny,True,True,825,3039.0,374.0,784.0,2451.75,1693.7633,Understock Risk
2024-12-16,white bread,Cloudy,False,False,3173,825.0,3039.0,5569.0,1852.75,2418.6072,Overstock Risk
2024-12-16,white bread,Rainy,False,False,1604,3173.0,825.0,374.0,2160.25,1347.6571,Normal
2024-12-16,white bread,Rainy,True,False,2235,1604.0,3173.0,3039.0,1959.25,925.0955,Overstock Risk
2024-12-16,white bread,Sunny,False,False,2239,2235.0,1604.0,825.0,2312.75,4086.0332,Understock Risk
2024-12-23,white bread,Cloudy,False,False,3548,2239.0,2235.0,3173.0,2406.5,2452.5112,Overstock Risk
2024-12-23,white bread,Cloudy,False,True,914,3548.0,2239.0,1604.0,2234.0,848.51215,Normal
2024-12-23,white bread,Cloudy,True,False,722,914.0,3548.0,2235.0,1855.75,1134.1183,Understock Risk
2024-12-23,white bread,Rainy,False,False,1167,722.0,914.0,2239.0,1587.75,1873.2145,Understock Risk
2024-12-23,white bread,Sunny,False,False,5780,1167.0,722.0,3548.0,2145.75,4416.904,Overstock Risk
2024-12-23,white bread,Sunny,True,False,864,5780.0,1167.0,914.0,2133.25,1065.301,Understock Risk
2024-12-23,white bread,Sunny,True,True,716,864.0,5780.0,722.0,2131.75,947.5286,Understock Risk
2024-12-30,white bread,Cloudy,False,False,1722,716.0,864.0,1167.0,2270.5,2489.6006,Understock Risk
2024-12-30,white bread,Rainy,False,False,345,1722.0,716.0,5780.0,911.75,889.3328,Understock Risk
2024-12-30,white bread,Sunny,False,False,1700,345.0,1722.0,864.0,1120.75,2247.7249,Understock Risk
2024-12-30,white bread,Sunny,False,True,453,1700.0,345.0,716.0,1055.0,411.10443,Normal
